x0,x1,x2,x3,x4,x5,x6,x7,x8,x9,x10,x11,x12,x13,x14,x15,x16,x17,x18,x19,x20,x21,x22,x23,x24,x25,x26,x27,x28,x29,y
-0.712390662050588,0.753766378659703,-0.044503078338053455,0.45181233874578974,1.3451017084510097,0.5323378882945463,1.3501878997225267,0.8612113741693206,1.4786857374358966,-1.0453771305385342,-0.7889890249515489,-1.261605945319069,0.5628467852810314,-0.24332625188556253,0.9137407048596775,0.31735092273633597,0.12730328020698067,2.1503829673811126,0.6062886568962988,-0.026771649986440726,-0.9841607817725814,1.190705272505982,0.9528306110451948,-1.0871815907509188,-0.1452113325860197,0.23785783828501061,-1.639093411201915,-0.27813451650877447,1.3992384201681904,-1.6151079632521659,-3.1557129838943387
0.49087183250951594,1.8927422187767202,-0.6209797023155086,-0.4537523812416193,0.21745165945019368,0.5143288551447859,0.3972413264075336,-1.5128451152607716,-0.7640339696578627,0.1012697856437548,-0.31726597100271015,1.1383330474921514,-0.3221236569774085,-0.37011607810475444,1.8496125662057936,-0.08165155616424355,-0.9802743185258672,-0.002389025600514556,-0.2324258720274623,0.7109747948581455,0.4531586132388156,-0.33267577528589565,-0.38445768500357647,-0.530327407582726,1.3503059959308692,2.0152208250443837,-0.057532387873538586,0.5646542880869975,0.35953229551797367,-0.511965094194221,0.22832371603844592
-0.5231642148972904,-0.48137141579474935,-1.9241594490929896,-0.757453225587536,0.45348104026746144,0.9223441482568703,-0.20734969827652708,-0.37591996120915105,0.6398839732802036,2.0536932362953815,-0.928335225810039,-0.7746600331288077,-0.4371456556814915,0.5479183096073379,-0.8541429534648363,0.46565797200403236,-0.7209996734353815,0.5622617060581323,-0.3148580761325759,-0.42989708186880404,0.8149954430712237,-1.185418809153406,-0.7686270207784495,0.7291654706806434,0.7659110492252689,0.20780005335113885,-2.187115273247333,0.7219650574076287,0.3487505938690223,-0.3386182541020083,6.7970772214468145
-1.9453906815188249,0.8309056578021413,1.749241790081012,0.5011372949374676,1.3303169236725105,-0.6575172676978901,0.18494595039221876,-0.6510564789536804,-1.1205068713840005,-0.3466067875476209,-0.911344781357355,-0.7461352526666984,-0.7709685285300425,-0.41395371382728313,-0.2918113875232261,0.12677274472597902,-1.247336156644393,0.31717096074155054,-1.81842142065901,0.05569219339294779,0.080866188394344,-2.319847554388968,-0.34112117132031883,1.0898461110532707,0.45053117920927527,-0.49429864739786794,-0.5465767417188724,0.29202648981800744,0.15420459268584072,0.8173055190310792,-14.951841379023271
0.14375578038446712,0.9051715331786675,0.4006736681660438,-0.764593898622952,-1.01700202554413,-0.5269892532991041,0.40865864630465626,-0.8677998149261569,0.8917941660323877,-1.5390641198540729,-0.2642474112620271,-0.9323592637202481,0.31287871866605876,0.13679032249522113,-0.15170019141369395,-1.2368377011017966,-0.882490391596822,-0.6606324986051187,0.9929491259546886,-0.6437970571220203,0.5011676877836018,0.9199851312920041,-0.8444764142538497,-0.5164428497021851,-2.2068670954994913,-0.4031289968469349,0.7133254192320697,-0.9466364609859,0.35136152893488404,0.788570479116926,17.205280322684764
0.36003178759974036,-0.43820143730669325,0.2283352044566521,-0.6753750576188053,-0.4192603220087837,2.386745800499031,-0.5083432327925071,-0.6862364377992013,0.1549035962020594,0.277836156413196,0.7547050088790299,-0.7598847788231394,-1.054657177172913,-0.9776990052219913,0.747371595544824,1.075681534164297,-0.7574771053093196,-0.5108262341824535,-0.025645745936127125,-0.9590398006025731,-0.4979713554723796,0.9384604688575977,-1.2231117488973633,0.3685950822771125,1.1790347434852069,-1.0760914658121563,1.0942750991001489,0.004613901175436712,-0.5351833981652417,0.8683775099508642,-1.4567549522099164
0.07299114797407072,-0.24006071463865328,-0.5778416564893406,-0.8416715368715004,-0.5534026175135522,-0.24150531238917375,0.7622308225590424,-0.25251758817880776,0.29164051076463826,-0.3896555250433101,0.47518769779384906,-0.07236315822392445,1.2690580976875576,0.2572490050399525,-1.6642564360602479,-0.1217464334245328,-0.44151223119024857,0.9552466924396553,0.01997092245414585,0.8628168935353443,0.7435452461317569,-0.6625811650314397,-0.3051810275934747,0.041447402165011596,-1.0669628403806435,3.4011057189806557,0.5253295997343811,-1.2768778466596493,-1.4141544662915098,0.12673002941390707,-5.680392503296067
-0.3848490502028002,-1.5509569211976624,-1.7207954551375861,0.017982138806439393,-0.4654414831035872,0.4004773841168456,-0.11723949907063196,1.100836264556602,-1.830354023073999,0.6019355688249879,-0.8135337616981977,-0.935955221598663,0.9630313786660784,-1.9278777352364316,-0.08809626952746996,-0.36184796336959735,1.1950253748410917,-1.4615058094923734,0.35021313455542263,0.47347563519013397,-0.018421809137576996,0.10767464455391365,-0.15579970816999872,-1.4634777566193453,-0.5334945027167617,-1.9323560015091858,0.9399792195744116,0.9506069961060607,-1.41124263188717,1.2047437309657716,-9.037527440409818
-0.17830606215500272,-1.5232135953524801,-0.7320583853311774,0.5751509658063075,-0.10321862725194576,-1.0790126956031663,0.6558615323233493,-0.22467908543381457,-0.5136792046662925,-1.257253734973249,0.5022857779517222,0.839193535320577,-1.055658897711565,-0.308375994286531,-0.28410380510716565,0.15003366373872756,-1.0942595125916925,1.982925182595953,0.2676098967321498,0.8784598910238555,-0.33240947257420594,2.0921686012929617,0.44080738731842145,-1.812024553173441,0.9962094669993536,-0.04995254339686802,-1.0670398044692198,-0.059260833836361,-0.9041049314828216,0.7027533792191322,-5.249290217955775
0.6085923102841594,-1.393525225748726,0.6586660668217251,1.0461644964376338,-2.4957528823141972,1.3043577797963937,0.6609032917196628,0.8224723016354284,1.4267264504853654,-0.048697610640109204,-0.8670155109522104,0.3711592574799248,-0.16127395672832917,0.44951651436299817,-2.3269262116155196,-0.4158113660344991,2.5920840674002923,0.37476811336909965,0.9995238627794718,0.33912166991349607,-0.34921913811594835,0.843842055045005,0.7419006788952703,-0.3519968223496652,-0.19049578315740576,0.6722721224549026,-0.7996871994715307,-0.8446924471317016,1.1722774270578469,1.1490631884147902,4.463735837169748
-0.19380492240705713,1.5666402273744786,0.8579051809684236,0.40976548500449694,-0.5090008972919337,0.7718870234868406,-0.5338435604421259,-0.07115124422410989,-0.6191847305942658,1.2125948226530212,0.1406138453747909,0.019892207578106016,0.6793203874098627,2.4897075316883863,1.0525318150652148,-1.5340965702283584,0.015174920002897885,0.117052488790469,-0.557684623006479,-0.9570655488171265,1.717175959710519,0.7778483925521874,0.946348007431648,0.39254793773535773,0.8624014081512591,0.5232452162507775,0.20156945957526934,-0.1650355232064671,-0.9626608287669728,-0.7013680441849037,7.960613357622228
-0.030667987475674858,-0.8814625655313383,0.3532107803002698,-0.8912937922772961,0.7909698216528814,-1.391766084294036,0.3303022703226134,1.2795087343766578,0.8672126651998152,-0.5209590207114089,1.3204048067975092,0.04066528515761626,0.3650517980270081,-0.04520588860236072,-1.7385178655572635,0.5704933453211514,0.4349760219816502,0.7588944642911625,-0.9738381295272108,0.8048850955179162,-0.644619180730499,-1.1702444249284003,-1.0259108732843625,0.20581615250656984,-0.404357671797137,1.5418077084686126,0.8001528559058803,1.147309002011903,-0.16224855290821893,-1.0747468405930436,-18.54720985083275
-1.6003841181528236,-0.22205672759554324,1.2750575903893269,1.2567430683363894,-1.6495595298995447,0.2754714469462586,0.7085245177855963,-0.9824603525381572,0.017446916303085782,-0.7200583582807348,0.15647674659188437,0.20425480457441636,-0.3236790297502634,-0.11145904212515595,-0.6779772552780428,0.1106188085540423,-3.210430797268423,0.4777660895774647,1.0369968080399357,-1.3189645536049885,-0.19422133384463808,0.5877885293013254,-0.7068190812919728,-0.6861465851073458,-0.06434314961587694,0.7387144235342626,-1.3825474846365924,0.23254262542334578,0.5319765561553507,-1.3703642428009506,0.4879424666040728
0.1486981280629037,1.4460230634069287,-0.0051374179562285,-0.15956287406705108,1.436570669708498,-0.5795082893291696,-0.16240072992892313,1.3391315836256719,1.762714296497166,-1.0740807545618982,-0.19163168438548278,0.4838288394495532,1.2751258373944747,0.4609946505605043,-0.5956856051072797,0.7958769911591804,-2.233052848438117,0.14202678794857176,0.7420478267454842,1.1114411280385852,0.44976720755395455,-1.430396701578305,0.9425397724411325,-0.5351465926388975,-0.45896716822932365,1.1515287731761275,-1.9774177085108056,2.2386487591829325,0.9000849971172967,0.8890323725239309,-2.2076185194786007
-0.1522965744944709,0.704626894626221,0.6129550677145995,0.23966318182680454,-1.5120214739877849,0.4446977161029871,0.2532205247585785,0.9407870683897978,0.41730231988738953,0.26955855330903167,0.1687210624313978,-1.4889501692875957,-1.8552666603782968,-0.11032172211623395,-0.7046047621786199,0.4553185270261121,-1.220671903715444,-0.565046518309226,0.7061888116045446,0.005043898069076927,-0.8732591793851744,0.5560180812944249,0.2673819755787573,-1.0319348271510602,-0.6359031894503993,0.1997790971313106,-0.19651664300377936,-0.2648908941443411,-0.5361687068333683,-2.6939563172399312,1.3529679346042776
0.4813399523048028,0.3080908624754918,-0.13752826816152028,-1.8003657016978516,-0.41998581004543123,-0.0285337341330573,-0.23181317888607783,-0.1165749870881772,-2.236053777261358,0.5833276501518617,0.542544026931158,0.6261672937955176,1.2571257313814808,0.18248209713031777,1.3116180465656415,-1.2548603914775587,0.6350869000947228,-0.2688785015946833,1.3613709645591259,-0.5226347611202428,-0.5672394268341736,-0.6847900441875194,0.4403789105928676,-0.8384801402483328,0.7998766732572836,0.6790266830356967,-0.0012405611429540924,0.08134367638997905,-0.6871472120485602,1.8366742207237288,16.164435906368393
0.7571112741306737,-1.2085723310812708,0.9386034698816718,-1.1466886495167958,0.23082017281823,0.5467579110457865,-0.407616632784632,-0.668307894421939,0.2614395928205015,0.46893464927171374,0.11163027156564224,0.2829905076675621,-1.469634625209567,-0.1463693097462854,-1.0835914658230943,-0.0001493927548569246,-1.1527257504517598,-0.913446285204153,-1.0526677980507988,-0.5586105579100125,-0.43933304497920833,-0.28528895825565204,0.41194412664756364,-1.1114344807014709,1.4145035166500803,-0.5462647972204403,-0.9558693649714395,0.10035528320794392,-0.6176890658642286,-0.6788185843968384,-5.113371049698307
-0.014644605617744137,-1.4610908390266266,0.7971698357380883,-1.5715038322410304,-0.8902148949351755,0.8568100979970842,0.9113751643607431,0.14128931736396996,-1.6158841884561967,-0.5877654187602196,-0.805312334511712,-0.8441837586351917,-0.5260683585992184,0.16935027581489936,0.6494568961145271,0.03403109657625523,-1.0549422538411257,-0.16218430250232538,0.054184073949185126,0.6806681362126462,-0.7959296749570147,-0.6529646317490029,-0.8242714579780461,-1.2921348859801496,0.20096395382796983,-0.7277052749006709,0.736058077736053,0.6660163620525159,-0.14659250672563906,0.07848761359327407,5.4405516333979635
-0.5390081340365667,0.05420653128649276,-0.03571540661693727,1.0039302837615773,-0.5936396768276437,0.9410600435834002,0.5317235659329966,0.23958160437685797,-1.2695289278830393,-1.1003869388765317,-0.12411569290993438,0.023663980551364306,-1.3401742611452505,1.6128983277731723,0.07097352721985194,-0.21141560941821472,0.44732515056190925,-0.8405369997384325,-2.1490883096447986,-0.19948202611107752,-0.7855491842631765,-0.04931982755314424,0.11573722731850587,-1.6326461309487728,-0.8378122948744013,0.8309427428150207,1.3850943853355704,-0.11066443898983998,0.0955208342642143,0.3200664601730596,-14.562619883515257
0.2713309790029247,2.6113654665010273,1.6834959298134051,-0.6144833956432614,-0.2894620115384941,1.1701766375339,0.5992695241557091,0.9696621383994227,0.6922148845648759,-0.812720293514382,-1.2115714159878144,-1.4314687103196855,-0.6603821943150443,0.44452754755268203,-0.5007806561331115,2.0441428809847904,-1.5605053092527066,-0.23276339561067175,1.0682009090489417,1.900647880486306,-0.9215710802026723,0.3187895017249588,0.7212519457943586,-1.9497509961006325,0.8140013785687984,0.1846723505590757,-0.39635786305557547,0.9838660218731716,0.09450087503790537,-0.7328151697091639,1.4059575337697021
1.3594580312665707,-0.6155332630831808,1.2940562967121043,-2.364696080657899,0.921435479755555,-0.2928802097119344,0.3008427164039561,0.19745598324840175,1.0388537536498363,-0.81775460145923,-0.16482422338366787,-0.2978068006892586,0.5063567488131862,0.016462481587102687,0.30560684004580846,0.3978884495586616,-1.6496691150163802,-0.19956028844361723,0.13594676323312638,0.2476607886615109,2.503354046947538,0.8380730666937511,1.3363234842354312,-0.39443610034495297,0.8617222068747256,1.849776385866146,-0.39303629280531244,-0.5708662766371481,-1.4532665625199446,-1.249576524928143,14.133059924597568
1.723386352013055,-1.4265239280648891,-0.05100732837625068,0.8234675712472989,0.2266907716580642,0.3118820119983032,-0.031992257804176374,1.0527207346654532,-1.3632814092292673,-0.32170573529626745,-0.009375088177563693,-1.833945996307548,-0.6850577619135925,-0.1509945694206832,1.5482002040102814,-0.5923152879196288,1.2132364327523555,-0.6729386211231253,1.7056421167090752,-0.37481314770444907,1.0824789636044116,2.9662500971935413,1.0222386729565909,1.4916874624264518,-1.0271492083494496,0.6075086014714083,0.7678507375866434,-0.15513498272456008,0.30711328220780687,-1.0696520072945954,4.69051797830031
-0.4435049314783039,-1.2131995547223167,-1.5020360220147406,0.7496783379847681,-0.7977069390298023,0.3357265984452714,1.8703499077240473,1.1109274374798166,-0.6147463195987204,-0.24220045457734568,-0.6397430520716529,0.01514659757154689,1.7280110563709854,1.6421336258852908,-0.5022984000395129,-1.3553011366996548,1.0697263031814166,-2.2804598261590847,0.5915110533990482,-2.27102844335797,0.42821435109078826,0.22901077442856488,-0.4205497685910233,-1.1127780960586278,0.5540970339269766,0.45671769933343936,0.15635777192219863,2.3656735559464037,-0.22876015340285763,-0.5183277568805781,3.6520850726199474
1.4465143940508334,3.1018635383123185,-0.6021977564015225,-0.1603320014762681,-0.43520804660061696,0.3255322669728162,0.8423128861274438,-0.6908497709342655,-0.20587425373901022,-0.9176823346183527,0.23671624703538702,-0.2386087129749046,0.42766714527343763,-0.20679393463712498,0.18008173940307665,-1.6298784847129257,-0.5971411268555569,-0.39542738939357913,0.20849464596592923,-1.0516845143178768,-0.5155343456582069,0.9925597566777551,0.45379001119582474,-0.6369768670957809,-0.008237570395355361,-0.3205675975456409,0.24874568866256042,-0.2767424867751073,-0.9287025943255013,0.12465485894782875,5.735024235754807
-1.519601776293713,0.6695084349145038,0.9898112579100314,0.8909152648111035,-1.3646453420180849,-0.12288954839993375,0.8662962472055104,0.24721795304539568,0.3338773158710832,0.17317461742077497,0.8239534920839428,-0.12455338515492656,-1.5923311691930744,0.32353471469164996,2.1993204508800606,0.7617220943402282,0.6646230543901538,2.004287815624176,-0.7160923989762386,-0.9506469865691284,-0.36198047402951383,0.5114604025401605,1.8535056335433133,1.1507460321250718,0.009512655017796032,1.520133415439742,0.3794282736951788,0.3775040758320618,-0.09918917775993519,-0.8435819320690177,-11.58518850199913
-0.15378236097078352,-0.9113773894645757,-2.0133597478909295,-0.7644472477080978,1.3984769733544,-0.21274585703291313,-1.363460962497461,0.2014015005452824,2.4385100670199518,-0.04985439513772164,2.5335150156938213,0.6236855454165358,-1.9858441609855653,0.4057380021060356,2.208480738141941,0.5871061449468176,-1.0968459402000492,0.4841184198461571,1.4158649459211443,-1.4670116935669246,0.23040282335656906,0.4319468953914243,1.1781705803632956,-0.28903500867793525,-0.7726777523867321,0.7321707051874118,0.42967259444764166,0.04285385966967894,-0.38541781068849756,0.936653218622187,8.974431809832856
-0.4107077429800156,2.3057844845995903,-0.2594593796235646,1.3756491396961157,1.1645781637534298,0.5299278264194657,-0.05247384809104762,1.2034922322952666,0.20247317207093765,-0.8072295254270333,0.1843104819554289,0.5023559403596319,-1.662552350034322,1.1908583873937928,-1.8192993323272932,0.2999911375745055,-0.03443962038141227,-1.6748745592001864,-0.1894097387201036,-1.0088645412067305,0.4151904657340684,-0.6182823837047785,0.26256822940374175,0.3964499179617153,1.147812051000587,-0.845186531729063,1.7409338143419948,-2.035564156199447,-1.1028667975345827,-0.45599248404378695,-10.460316473953828
-1.6875587428429932,-1.7807915538243921,0.3104323874656349,-1.7760040721658166,-0.813020951624356,0.7976725690826887,1.1409091213318316,-0.38449940862073423,0.7100416987242457,0.7724887435364487,0.53313595254121,-0.2926860496034949,-0.9827585109037275,-1.4470216527380353,1.3974402689876413,0.5031037927644773,-0.157134056470659,-0.09241777063351125,0.7656315126039371,0.9023793781600177,-0.08235231391558168,-1.1009911230387124,0.7668504972793944,-0.42959375709783315,-1.517912796141936,1.3317589492355393,1.8522909678430186,0.3281097780522139,-0.05650597584060485,-0.13702055596592702,8.503558939337129
-0.36007228847172024,-0.4853474092414114,-0.8615043591081577,-0.8741620464099085,-0.5957075326878444,-0.18344131824089546,0.055177552190057585,0.4190681047807845,-1.0881053188345662,0.5514691748530761,-1.0265596351319912,-1.0664107368203009,0.39273900626460934,-1.8145102690876542,-0.18115634628116348,-2.0552061713027614,-0.5792538891750484,0.576007496726984,0.7546480021839517,-1.1705593142541748,-1.117023632615442,1.5045289483126338,0.3603804452796912,1.368154875156878,-1.6097796183536226,1.4041647200248473,0.32856645588929306,-1.2791146929878854,0.03959084179883687,1.4492266397277624,-5.943287288265223
0.5723636214743254,-1.2263496400095752,-1.6253268281480941,1.1545658908381096,-0.33983557747526727,-0.8441253268279608,-0.5440459628864769,-0.7774678700458074,-1.507767499471143,-0.27460105243114163,0.22500752221636053,-1.5311362944464948,1.008232582164515,-0.8687293184030176,0.2460915770315416,0.7906135726951208,0.8223656402267269,1.4418656691638247,-1.7947790851458538,-2.045963992111947,-1.6440215124937598,-0.6564848279715421,0.3728809703734112,-1.2289177488893024,-1.1513465938558587,-0.5830928693066914,-0.6947262834587052,2.0918832169717634,-1.1106414661581065,1.7179262006748242,-13.585590978226698
2.221653853655571,-0.18198051106439728,-0.25035995503399977,-0.19636167284093425,-0.7344382120828857,-0.6735271653063559,-1.3929351802963663,0.3086244961655734,0.8369484267579388,-0.8690539053198755,0.7531069136156464,-0.5573296761243904,-0.785536495368302,0.03493883864382204,-0.407172686090733,1.621161963396762,1.3254668915237189,1.3007610258555469,0.7702785657932284,-1.3672392296428355,-0.6103802369881277,-0.16105708408962152,1.7281893840230504,-0.8542719357478161,1.1801316897135201,-2.0025192964192513,-0.4986561830626556,-0.39544686081972025,1.073703322519598,0.9818520300440292,0.1642358028956754
0.10729119326695448,0.4347700117360501,-1.3613250765944922,-1.8214807306782383,1.1000197097589524,2.801153155014196,1.052333378588207,-0.45306467425740327,0.5346496344547723,-1.853006704910371,-0.19494841714387975,-0.3263629790708654,1.3474469652692622,0.2989958455256603,0.998899886332779,-1.365751301008792,-0.2522629239323764,-0.7936529421271098,0.8556787869125859,0.29222567425277396,0.17032911845273904,-2.0334652980293213,1.7868569004388537,-0.32855523353713373,0.0322268811390991,2.567122577428944,1.552345691172357,0.20960375987235344,0.7287649446028356,-1.3001816840055682,6.786755599535907
-0.7678869081517743,0.7722564486716168,-0.5201255384098525,-0.2643319438166379,-1.4548945822490909,-0.6831279878949437,-0.6593206564553337,-0.533453747008196,1.7848212310913276,-0.12860219021882238,0.08545564877725964,1.1362751284649808,-0.3038128859269965,0.6995068702622441,-1.8635669574401832,-0.34522339989311024,0.5461421558243417,-0.7374060502049672,0.5005989239578377,-0.3455141684435304,0.6125269393847118,1.0850072393167711,-0.2303334751299701,-1.152574276393163,-1.0098700427470013,0.07494855043594024,-0.0547441082826624,-1.6401716064391956,0.9978130297174783,1.231244588814504,19.433501046889898
-0.0019547098444461673,0.303724390568587,0.30059528637848754,-0.9527161394038911,-0.03507108675432978,0.3215081944552871,-0.17397240128102864,-1.3349253669871017,-1.510194324276515,-0.6992772748619657,-0.7415958037464109,-0.8136584134409159,-2.2235138566379486,-0.3857952781078631,-0.6251162174184938,-0.2397271186204832,-1.4394041579032861,0.43923521962500767,-0.08562740234689714,0.7814815896768368,-0.8618682936880311,0.643537346887257,0.19438889359750924,-0.5125640160565667,0.03666142464447744,-0.9546930116630037,-0.21638294516359236,-0.13522690977725235,-0.19134020254363807,0.15301528143328819,6.970843165277045
0.5886753818544589,-1.1980409969666281,0.3254787408083136,-2.3721015384269557,-1.1730301787845856,2.0239549535744654,0.6406272787902406,-0.10555152310072394,2.4652944274811497,-1.0529075962138947,-0.3061978135811057,-1.2357780686328994,0.3129627490875192,-0.8825755621212814,-2.1044969800689923,-1.5280166023725474,-0.8145663389225833,0.5345190252066511,0.3013502637923371,0.6328244054730483,0.21395856783404785,-0.7561901770147652,1.7124475287943939,-0.7668522901414377,0.32543039314682354,-0.7673830419969686,-0.5417622241485353,-0.40085031048219705,-1.0635475905885268,0.7614655107240389,0.6680343759763645
-0.16318628844654537,0.8733690720669743,1.1950800633609282,0.5675634093700761,0.10352284659857522,0.4439784858236079,-0.6990651405651318,0.31322213790433034,-2.200871945786493,-1.0239135108897046,0.633547083687792,-1.736115612104035,0.15201113154928764,0.6151649563275908,-0.12456046771962041,-1.0177681013739712,0.8201311133075616,1.9530106481633536,1.3005090843885934,-1.6233149665228082,1.7050268910124733,-0.6987889736515817,1.454055784340345,-0.08044386477212577,0.5573220490588314,1.3774870700332265,-1.052568940541516,1.316068357373412,-0.024829696990078764,0.6620836123597176,-5.202466702647325
-0.14757909566303218,-0.2796945747813253,-1.4302613215729854,-0.2988624783900446,0.8009292593516254,-0.9693195697140787,1.3217423145602663,0.6150814569207752,-1.497486062032341,-0.0864165653496824,0.3689385248263503,-0.18410599610436962,0.3404969090216123,0.9293732438644541,-0.43376471762612695,0.41994160820566767,-0.25155810543907914,-1.0448112035032915,0.41912164449924394,-0.5733503990971076,-0.3051685047863564,0.7274642045710964,-2.1124415984602645,0.5112523790351076,0.3016429670650103,0.06880064238972548,0.47638557776459695,0.23791610493301182,0.3736419448877862,-1.6535233822850541,-0.5974149769745111
-0.5246719772091791,0.15669413688804246,-0.23920017474969543,0.053686371250515695,-0.9170849952862492,1.6970129398129572,-0.009564351585152831,0.6716534211094516,0.8437171372084298,-0.5476718745234791,-0.5662144440167207,-1.1152243462332059,0.4000444977334365,1.3046401249526063,0.663709369861534,-1.4265059064373762,1.0230458266148428,1.1203119842992024,0.25211408538429686,-1.6729218673211461,-1.9778328482209595,-0.7345847409275877,-1.5724446833022545,0.3119959658681864,1.2554101037472023,1.3779191794110397,0.922786938761912,1.031848882643221,1.0949545751140815,0.1795960797806171,-17.045014844570076
-0.8341737137833025,1.908460867394258,1.8850425795301864,-2.0801386002019795,1.315145926690905,0.3220312281857157,-0.5464936342832676,1.5835507407902585,-0.8041679367588661,-0.17644212496115014,0.06209962670181922,1.3373687950237978,-0.5576806954819689,0.29335181877921956,-0.4555328282170474,0.43749249734855,1.5640713292245079,1.3320392669313843,0.19486096662907237,0.19955828605247677,-1.271391855102374,1.4623254410496145,0.3637074798856789,1.5767977910259807,0.48125277913596415,0.28446860428885373,0.0928296395179571,-1.406444268279313,1.0104238877564127,0.9731121534053935,-6.340057312425552
-0.47633184856793936,0.6563603958192805,0.3114531672205229,-0.4013731434542531,-0.643320562063231,-1.2107225842074654,-0.833080568275557,1.2604210784729248,0.9875595217171047,0.23600070042695334,1.2371835968930822,0.32139958994944334,-0.2759223629577065,0.6608759778696399,-0.06206903404957993,-0.12452518841709617,0.6341892401548315,-0.9698732167957383,1.4497443606493423,0.557128583842976,-0.4483021793178041,0.8481032093454067,-1.0573779623936113,-1.3443553892979763,-0.21544323955065783,0.42435712521297536,-0.531453538375659,-1.0521704627128599,2.180265984333914,0.47957192641821417,13.361659107818767
-0.8893871917195636,-0.1828678567423889,1.055435715576249,0.07536126379789446,-1.0829618154105667,2.5561587141773234,1.7406361347926351,-1.3165422516071827,0.9631350865487482,0.833162129937713,-0.6540458424519568,-0.13713925283703135,-0.5165258490584028,0.6451321451060835,1.9639819796500528,0.34885344798490175,-0.16574872511619088,1.738690864095884,0.13010027696036353,-0.6664959844562697,-0.4672083290933881,-0.2918463710653721,0.8139462441920998,1.1011601021030608,1.2297197746954256,1.1135693484333928,-1.4711132291189595,0.7489620204138705,-1.0278880332267446,0.42374231333826445,-6.92270595296411
0.31867935604845654,-0.5114247932715293,-0.31591679547577023,-0.28191274711502395,0.4895218023565594,0.3897429343677568,1.937831858911864,0.4583357764217764,0.7252469855410071,0.5808164190647037,0.04774713079492994,1.1071486148296594,-0.5787732620742702,0.43264548452529417,-0.5045621626720705,-0.08256739326045534,-1.5923250519947136,-1.265501717357435,0.9361958428736835,0.3927537933677038,0.8017127744923955,-0.11113965464555466,-0.7469971610326634,0.7191413569203872,1.1873846110675759,-0.8567390678172749,-2.1015350487677678,-0.42616352271520086,0.008775370253766793,-1.5383369488410619,14.209357167274064
-1.2285531938649275,0.5997724596337288,1.3094111320398296,1.671098383078029,-0.2758103722454727,0.5338027471795495,-0.06187058475224405,-0.928788271109996,-0.4728567156336875,0.7503692632254659,-0.9902639787382019,-0.6088614951710812,-0.018258271717089394,-0.6660300319208757,-1.0953619026925532,-0.31704997719458067,1.2866111576624817,0.32831339343112065,-0.8731970846886347,0.33755555207640014,-0.44110631760422814,0.5109324070958596,0.029875311438297823,-1.2178727239376677,-0.599662891747978,0.2326251163038856,0.25481189778009145,-0.34716956242808017,0.40402324861265315,-0.9557841665893348,2.125485739238266
-0.5516895963588007,-0.3372896309600543,-2.2345503679112952,0.46731182222906303,-0.7525865769745542,-0.08262780318257419,-1.0463731906192872,0.7259070020661277,-0.2621395039924476,-0.5542771046623071,1.1161370619514044,-0.5696576371538804,-1.6591131772469692,1.3304018624024676,-0.4802591786515373,-1.0222442669816953,-0.34286738407624306,1.2716938939681748,0.4349096711425261,-0.8540103370157586,0.09358393415957535,2.465208902164686,0.889798951441611,1.2384982542458354,-0.40304346044267325,-0.1342673007176046,2.0984749168722594,-0.3099866597685201,0.5004799726562917,0.8983911611275696,-0.3396947730590911
0.8158661029386076,-0.11052177550026794,0.9952683386299046,-0.37575182990011197,-1.0464941438234847,0.4929697642542527,0.11210288058130982,-0.47522003742821645,0.004115101523310427,-1.2187622839145837,0.42905826909122147,1.1576045092277716,-1.800564280843412,-0.9093598464474542,-0.5624673900877001,-1.1757154946054376,0.26675056683902215,1.4766852585393226,0.14817580681160644,1.3937473086756758,0.16702236559946707,0.46758177995595157,-0.40776061221946036,0.3808571234670012,-0.8937882136678038,1.3771079439309728,-1.022960885514108,-0.8973990169907593,0.2806198442983341,-0.7767431522330781,2.003819526515147
0.6035406873363612,0.5739380225608466,0.18524778916140855,-1.719951574346844,-0.09978506224324532,0.17039505931635415,-0.0102482688284862,-0.12453782496248426,-0.6951835911686964,-0.43993573791196,0.4221748079845023,0.3943403161962993,-0.5724629482297611,0.5638083171319599,1.077876568330756,1.1759736981222426,-0.08331730486995313,2.286315239474661,-1.4896581247645309,0.6067907821663133,0.17519727279893743,-0.05023463214719934,-0.06014880613466852,-0.5849145316959495,0.18594330106231954,-0.20960434522155263,-0.3586317315580346,-0.25758503473780037,-0.4040175827523867,0.7093736027607966,1.2703270157508801
1.295198643578972,-0.0803856755165203,0.3671672919825066,1.630479562574531,-0.9122010263652737,0.6468286032907536,-0.4014192430842421,0.4475749490389915,0.7292205988463364,1.4955537499106633,-0.5916731017780592,0.87343837497525,-0.1848035888500205,1.1951105459150266,-1.0927136305634673,1.1654650615966233,1.7565940700689044,2.0635127817117813,1.2459055553785687,0.09922031613821594,-0.5688659748665609,0.9571759736675203,0.5744640793782951,-1.5333913048748706,-1.1546729457533933,0.6115900459480954,-0.022508577044725076,-1.4701994303672408,-1.0088879090819574,-0.5897219650092499,15.582663998479948
0.7571847989214778,0.8066407669660143,0.6833006681900897,0.07715736825636164,0.12703813875825173,-0.099328330048059,1.8390572788453423,-1.2565072335310428,0.8366232452738217,1.030482704719901,0.4239429591380372,-2.143351957040077,0.03517092849404717,0.011118867361381712,-0.7713204162921569,-0.5556117551188028,-0.3121103912899402,0.5560692255918953,-0.6375075257466223,0.42848361930270373,-1.0597681503868515,1.9876382764257363,-1.5097423843114335,-0.1203002762636614,-1.122858100925092,-1.1013486820014462,0.3333192772239794,1.2406349400590202,-0.7831867358823851,0.3513054326959536,6.959930294396439
-0.5468362066572454,0.7572065249516002,-2.6119666587285004,0.50539185590456,-0.4089823945993493,-0.27032305268235907,-0.42789452484271756,-1.6927751954034904,0.799283147380112,0.34258039289827374,-0.9142491488735179,-0.4810648570837129,-0.42997562602423905,-2.0038892495652525,-0.05489144201122694,0.5279565332763108,-0.024888040424971714,-0.1501931234636394,-1.6881012792907684,-0.7568799417359657,-1.668694687936015,-0.7236335143642937,0.13732718856745404,2.8467985965701943,-0.2562594534407944,-0.07632257751005896,-0.5350130136756478,-0.40980751709659136,0.973373977088992,-0.6305796909187222,-16.149977228654983
-0.04521651134982438,0.5807505608819997,-0.9692834641912351,2.2433291208389647,-0.504042765256917,0.15528651095626975,1.344911005337065,-0.44873239820521804,-2.936141958243689,0.18166368467090346,0.7464617107587043,0.03998364408536022,0.9660706379962415,0.147360417360502,1.8124751026282961,1.7759823908426167,0.24206119288942762,1.3151409992298755,-0.3433151665101969,0.6505165700433573,1.042929032002722,-0.9880591994962632,0.3684891529613956,-1.9530320644338448,-1.109285562641083,-1.3388531775833028,0.831850606796945,-0.9162565084832474,1.5846407610944704,-0.921044606607882,18.620214141618703
-0.5936521170184277,-1.2743694786305,0.09008492203989307,-0.490039180586985,-0.14014651346875173,0.45043865691338064,-0.038355270858837075,-0.730465221987537,-1.2093224630496544,0.11350989829117951,1.7829689539212554,1.2525628203006616,0.16695512626394568,-0.5722998663991192,0.9466502970537858,0.27433587196800224,-0.5522088585820114,-0.42588527644559565,-0.6001985975580162,-1.0218595455554307,-0.1443741120096974,-0.5154797043131919,0.15267869946787477,-0.3891009911308964,-1.4755738663338984,0.23493503745181415,1.8418071234614606,-1.2346437115364763,0.3767184694261786,-0.7707571825465376,1.9518668266385886
0.28636618145574877,2.687857139504985,1.1817740342326137,-0.5325938152359952,-0.7054806448150276,-0.48972545605122486,0.5810987642580138,-0.3370266510113413,-1.0480634061972645,0.3148545465448666,-2.1615036532959317,-0.6875354872157612,1.4178278882299062,-0.4160251391151397,-0.15083798827273173,-1.0219008541968917,-0.9447958189120178,-1.3110576967310412,-1.0164780260550113,-1.453603271788109,-2.9330289337439543,-0.15762393656238852,-1.0511240399268595,0.9677059600876328,0.6065313556176826,0.635532630335853,1.1757986431432217,1.298016343861047,-0.40284561702529054,1.3407930880964727,-23.017222909547655
1.9831961840920653,0.6514184369331977,-1.2384233234366542,-0.23333381488544136,0.10490229877005011,-0.6479442565677979,-0.9102049712945995,1.482842864127383,-0.1780760501591694,-0.25439433194864125,0.7047899771128234,-0.8234494303746017,2.0364686716913063,0.20769245699514569,0.38608981289188826,-1.3753574753280646,-0.5512399500305164,0.8849122080792342,0.14119639463783015,-0.10403031022852335,-0.2598786999255491,0.4522177257356086,-1.806602138745368,1.6397509901330438,1.0464299127463692,1.0520988605464467,-1.7428330405277372,0.35875247170979635,1.6454083210089163,-0.2277205112000623,-2.633544264603432
-0.8307494342004758,-1.6784963762123513,-0.6063237325961561,0.6014021300147696,-1.784533729516321,-1.2831895437585754,0.783574176849272,-1.153656766212156,0.018991316109632755,-0.03763936359771258,0.8584960405635335,-0.8510709671117526,-0.011096854879101168,-0.9125877187672109,1.3442537721993562,-0.30735414124736493,1.7617234416811778,-0.7326773020786499,-0.09921907316971108,1.443505790202502,0.4015737252458567,0.6639724604455279,-0.2972799888265235,-0.09490688236904822,-0.504646646450736,0.1327382287076709,0.9693840494475084,1.2186679945727652,0.6805707636455052,-1.7502329399622403,5.548955402145184
1.0648968034268964,0.8452762476389413,-0.12511669021454297,-0.2204531841509699,-2.242247452209651,-0.9312055600600778,0.817224841208444,1.6271868843052637,0.05010566463550334,-0.8823382297402819,-0.21421998162529463,0.31847510756215613,-1.13088589128735,-0.031138553638716638,0.462719371421228,1.0289339016611605,-0.49876651118194254,-1.1010843338686542,-0.050522714093570426,-0.47891765087776855,-0.2787849415386343,-0.5746102846279303,0.04497799083015223,-0.6368956109717033,0.5246980806462903,-0.19382185978213315,-0.6869057484384609,1.6584247456911314,0.5230799628067513,0.059872108890802404,-8.423999386647473
-0.5512060693534969,-2.0053717398951463,0.5131608192069674,0.6639863023168396,-0.7154822030109681,0.28773101140185536,-0.6763159694820369,0.12163889278537428,0.24312241530129375,-0.7190929754567699,-0.5225424904062368,0.586656990749911,-0.6876100214737362,-1.5868936562672336,-1.8501959923664018,-0.18351979112678432,1.7004227989297083,0.15242929518684933,0.6003651314760269,0.9281083477573795,0.10269990392056928,1.453769705361283,-1.788730077411018,-0.05259198836577464,1.4257341451930738,0.343751095340694,1.225128007569298,1.3443934305403316,0.16406258699848925,-1.4666511434328204,-17.11854010382108
-0.8759982787910541,0.4183512004758444,2.2795057794789675,0.3276715293565244,-2.1219250044803206,-0.0829546462458506,-0.01041332136955746,0.11891861825918579,0.5751717640546256,-3.4256613517836305,2.641301159806062,1.0888263383123158,0.7902118382809483,0.480375957120284,-0.9603089578659099,-0.1446054328677578,2.0985031946785098,0.78412257413834,0.7891464141693205,0.07071371226664838,-0.14963789670434854,0.28777948798560227,1.3023600983229373,1.3256844652724575,1.1194654382601268,-1.0223067355013498,-0.16616897425169364,0.017111779059650983,-0.8529815981828709,0.781964379775993,-26.79025336447914
-0.7908360204757939,2.5140270527586592,0.45028838383484665,0.11757462425866265,-0.8363137357195001,-0.18072720129659856,1.5612423621117646,-1.6110137744766884,-0.45581273693535795,1.197020173805769,-2.7742889583519705,-0.018437513726754264,-1.0134256704860467,0.9473925663303099,-1.0960132951385781,-1.5571094180139795,-0.30607918551150864,1.6756370004017824,-0.4596703172043919,0.12696444097508164,0.2142549551045812,-0.8524152363003882,-0.291339050184654,-0.15268764420608774,0.5346137531019818,0.0012096345423054232,-0.23122034754605708,-1.7165574254656248,2.001232170025178,-0.13969571734374997,17.425560811831957
-0.19972871496304231,0.8005389002258103,1.6659978013518766,0.20053148882454797,0.4073410881913403,-1.0002633937919714,0.17491974741346528,0.43498914385950704,-0.6014340704247442,0.6518277193871604,-1.1655699746177752,1.68355334661152,-1.3700937883212734,1.0134596243224296,-0.8640022649627748,0.6151444046346328,1.445032351564486,-1.651261641480434,-0.08162910939674983,0.04320650071056653,-1.2833106452999574,-0.5689282292148461,1.2356932937010239,-1.1910780651747597,-0.4173202267911071,-1.4947344826738242,-1.17236871809849,0.38625386821108393,1.1246469056499102,-1.3841810791852793,7.001116473950928
0.6049291590756732,0.5118764223470191,-1.9976782805314883,0.35617387204565243,-1.2996724977935583,-1.3623704375729833,-1.3174311066693185,-1.0568812753832704,-0.21481258902272468,0.4614898682736324,0.9973345419110791,-1.5106983855624856,1.6854441208260036,-0.9874198298948553,-1.962082396428117,0.514863320902689,0.47382871953667727,1.0587054739505457,0.8593177608407473,1.1082125926412214,-0.8993832573302915,-0.41188239690651873,-0.6372981467385403,0.2920905933637561,-0.6094812612604538,1.3576520864180697,0.47776964834898417,0.6441570620371843,-0.4698820474823411,-0.5084953060796965,1.8572086622812876
-0.38866401915957777,-0.010355888030931635,-2.339171178085249,-1.088810738306805,0.6256503739853833,0.1476385593721923,0.5640647143400359,-0.19733796962424713,-0.6942829581889908,0.05638601007243787,-0.5908440222361828,0.577574145813011,-0.06326133046375115,0.2070852223882198,0.4897270630148747,-0.760849748546067,-0.7936299691426583,-0.5928695689077971,-0.23500634870894394,1.3011302094674653,-0.4093677746499846,-0.44485361638642573,0.8868040557151281,1.3204338155012254,0.4015355154606056,1.0405969786662987,0.0029171944287458267,0.13329711424801508,0.030309990766128517,0.8493427318811859,-2.6103175214666496
0.08492616954059011,0.028929374434269593,-0.9477639494392932,-0.9513028666855661,-0.050823137821464005,-0.2946595576800797,0.9816161866727913,-0.3657692631231381,0.5511166741959336,-0.15018959003081794,-1.0874693493852885,-1.2242733812265585,-0.386352094744419,0.09317205766407684,-1.2539862960744779,1.0065486248554185,0.6257525764478391,0.838310786656023,0.11583994328739619,0.676577793485279,0.4838777742568073,-1.798790594935572,-0.6796004090636235,1.7541944416506847,-0.7489509901222813,0.4844248724903007,0.6700144497692612,0.2311343370709272,0.5176905904568032,2.3850130906887372,6.940502947691455
-1.7494917723335717,-1.2584864726558884,1.7230704540965298,1.0949229986652582,-0.5240908545040937,1.752363636358843,-0.8108906342925858,-0.8099203558995945,-0.008873507344827431,-0.4774456670785341,-0.010701174715058642,-0.7509089160349591,-0.93919594240871,-0.4193391961518699,0.828952382448966,-0.9550111833201901,-1.0274126889022028,0.6043620879546062,-0.3521417967935155,1.997425283504035,1.9240958951935212,-0.7696723174525589,-2.0972146824079534,-1.2311036737803671,0.253228633035666,-0.7694389031220737,0.99107800904018,-1.2708666425132162,-0.6083762813041967,0.0566638608353621,-0.24529633205339563
1.4151485143722078,-1.0576561493064516,0.4143368560595,-0.03480309438357009,0.16495482271053852,-0.4776203224666052,-0.4117850350474562,-0.017819634058758544,0.10231953815089409,-1.2235448649976188,-0.10378526453234019,0.10050053018005368,0.8850396556269242,-0.47262447904542865,1.5929132616418624,-1.8498313837275364,-1.66799843089214,-0.8735187265514809,-0.14123673344687168,1.1987380491786115,0.42230923355364836,0.4421006231393024,0.07412612564394022,-1.0360709498835865,1.812822510917782,0.8673092356410266,-0.6890168415944286,-0.12455124625580882,-0.033969194112886826,0.8575622628110712,-10.516070361287957
0.8101729069566308,0.8216180633491716,-0.2831173474716425,0.7289565871907504,0.2525690075890775,-0.5403287431932218,0.22938088934373344,-0.22848184662563914,-0.14374437004403035,0.47198593135918965,-0.7406789804241497,2.2521517388023216,0.6941549336100782,0.37181386605943134,1.055406642330154,-0.05948615660084562,1.3517980853347447,-2.4563904675705195,0.2265271179156179,-0.5971702261705646,-1.5958524336883437,1.1820299778383627,1.109045832168638,-0.35090040664203287,1.387650210404097,2.075278102297416,-0.4663774632155351,0.5591980439418293,0.38750837436248464,-1.0158901651810919,-9.10397523500075
-0.9649772077593141,0.6305935419795607,-1.9041639633114926,-0.59623818552389,0.18052916646114298,0.29221978198186993,-0.7211173733774462,-0.12756615842366942,0.8022419615814599,0.3939295961791735,1.023795559679155,0.802777939107464,0.5479275202712125,-0.9743206107329299,-0.2759794968293797,-0.2546653286006598,0.693985552907339,-0.5927438501642621,-1.2621716898903212,-0.3831423071989316,-1.6274514560275537,-0.337127191277817,1.8466907362011153,-1.6990665367182218,1.5293451093493102,-1.4022834329572298,-0.7714047290173249,-0.09803532008919766,-0.21405356326555747,-0.1652732390127426,-16.13598718742011
0.5105428163276866,1.1150544749007176,1.6439156648899313,-0.5334480644785248,-1.1918104668569596,-1.959407236228505,-0.2825125980624606,-0.9998411893780734,-0.31403576349267026,-2.241810826667215,0.9839855622463605,1.0495835746294013,0.3323082283554108,0.6182376713223641,-1.4833682620113486,0.3129903225677181,0.1766420821145799,-0.8863592685192705,1.1936917855033553,-0.9206958084893672,-0.39599536188086515,0.8892385413381448,-0.28703906250824884,0.7921303262683982,-0.1269096941538165,-1.0901491280269893,-0.5456752467630556,-1.0910361578034187,-0.5888106374055937,-0.1787433581266421,2.8221061802464167
0.4586536807807427,0.8852223324187347,-1.3266694716430534,-0.21633887894769482,-0.12430056818612716,0.946529981021304,0.6451155203432665,0.10066306583839062,-0.8887957783768025,-0.05040082078237907,-1.0994121501773184,-1.399807594134422,0.5931855420850669,-0.5767414898597839,-0.8762225453425244,0.8594233327735701,0.031841403877811786,2.8190325489638695,1.8015722252311195,1.0059371375988293,-0.0638265342950973,-0.5158942018477846,2.3366038596624836,-0.1293397442854359,-1.9956801358519773,-0.015634589340475336,0.1829981342973316,0.4973598893276358,-1.872200067249199,2.1915360338327345,11.50829882317453
0.3027698490347465,0.7036398950346949,0.8979987267923037,0.48952908455553856,1.1583676476401035,0.38315462051767984,1.7723721041623366,-0.35910625046719147,-0.768852487992884,-0.6390093546199369,0.8789141755739356,0.9398969971964363,-0.6514576332712066,-0.7391688790254352,-0.08720640702908973,0.27466398753494886,-0.19572371239856337,1.6420366404303077,-0.4525956966135136,0.03906527865733331,-0.519974063584912,0.1454059173094343,0.4144432777851508,-0.045879399591288485,0.08000960019375145,-1.0764006694200028,0.8351633580026732,-0.23157364267509378,-0.1405640160700344,-0.29296758348681284,-8.548654849435245
0.9460181070941076,1.1354690672859644,0.5697040294278162,-0.5892593075230315,0.7461939186856067,-0.5271556162554362,-0.14741043887936908,-0.988444394640672,-0.5071710853477059,1.2667281714529421,-0.00028610812441837955,-0.4586397042575577,1.292223900531319,-0.07445306041483293,0.49877595328440383,-1.3720576311091395,-1.5346268947400032,-1.7053326348985156,0.10497919318912995,-1.8218956051484194,0.5395090734873441,1.2915571798398626,0.13731894064965508,-0.21599618999113096,0.6050775890991023,-0.7129916403092864,1.4862759965999557,0.28348266307276354,0.7567973785098385,-0.22449060584705446,17.548470736317096
1.4831808729171374,1.1182041696894267,-0.12574760195628795,0.9669783458660162,0.35218152121155333,-0.16745045984552956,-0.925279915460042,0.008478656958185194,-1.432809245427727,1.4200331330568463,-0.6607850407040224,2.0523970726131675,-1.629526769394588,-1.8897084691596417,-1.7771116818460388,1.1666959536608337,-1.2227269301068446,1.0376777306254161,-0.13330881730847674,-0.6536665249918054,0.07394037444677717,0.6415691240153577,1.0932369346734292,1.4373356501069283,-0.6268016842547445,1.1639196888230159,0.38195372177291936,0.6110097540757415,1.4597192467962798,0.1896902441115222,9.877896785658482
0.7627364771859672,1.4720484153012385,-1.5509093220773436,-0.6590049141061814,-1.2688732267358453,-2.082850810303485,-0.11745620589898534,1.2633166803879319,0.503536164156042,-0.387254558556445,1.3351364086393065,1.2492222596924993,1.892036042925635,1.9549240465968107,0.27787032806061535,-0.2789789295019489,-0.04067109426330538,1.0020850270365191,-2.182812037082678,-0.3336413886112397,0.8921611304326994,-0.4290711288264943,-0.5087460971801887,-0.09104489529341238,-0.5373443643900926,-1.3314115102918176,-0.2409394355456277,0.29470326771416194,1.3780108311270576,1.750402916630353,2.2925184929541964
0.22016616010778314,-0.4557635985283309,-1.945838304705505,1.3970519065481293,0.044617543284291114,0.533097836906413,0.7548775659824613,0.40583291957152073,-0.0340125877339897,0.06946692013466364,0.9023990039299666,-1.5093025575871646,0.29404504880080035,0.38896600531626707,2.2158894502130715,-0.4420922801349409,-0.6258969025064007,0.05048184784634329,0.7266219631767217,-1.1626229476951901,0.9110137497189913,0.607753450426798,-1.656882615047593,-1.690582298861109,1.2498725536648292,0.07804948094346854,1.7314518036874085,-0.22658263633790324,-1.8408582239395175,-0.3784971557337896,-6.112153146145387
-0.7664667593513673,0.6462021006317474,-0.25132069807810453,-1.8065725230227205,-1.6644854996476752,-0.20263701519245406,1.6245530978465408,0.1264396918734345,1.083458368280158,-2.13886980244419,0.2573126035164623,0.16730235194091325,0.6750744480512377,-0.13609107858397296,-2.527652869870801,-0.5539774856388509,-0.25463360211047925,0.7818221940084107,0.01582425334309083,0.4865797170524024,-0.5906658619442291,0.5589170034016079,0.2160904679766103,0.2761998616119204,-0.2799340290301173,0.14822539383285518,0.4106303382729395,0.2711422853906189,-3.185409927695252,-0.24522006618791853,-17.66282286641115
0.8422707006944321,0.7027240317101864,-0.7148669812106199,0.49595641068909174,-0.517299898414951,0.47951775210770464,-0.7533588526956233,0.22218920937758807,-1.0072716560810677,-0.03316026978883009,0.15636707881039205,0.2217378122952451,0.36439328392822634,1.6720322138099004,-0.38163091488178047,0.5825400713296416,-0.3180094053956856,0.7536397956116515,0.48679354592110674,-0.7926364219873541,0.6626672666486113,0.3245560398481715,-0.2033371868144908,-0.20492602980290014,1.2688069820225991,0.09839722424456546,-0.09383594812379972,0.7166209245770082,0.3681083511643719,0.6093604762948265,5.961488783637682
0.796612751073441,-1.3983499482495303,0.22860137688382465,1.157905922158095,0.49879491984056123,0.9546947717580653,0.765844154680749,1.6706979166234959,0.10659724576741299,0.032981469299192434,-2.9710042729296773,0.9548266720840763,1.4797080839408394,-0.09735277427745842,-0.18984305436201543,1.0587090826449497,-1.2202510720859345,-0.5258473309646002,-1.3258624796604392,1.8498575775739992,0.5870076158840377,-0.9782056194128598,0.8229710548574168,0.1465322699497186,0.4176684584853444,2.178914353899457,-0.5530503220736412,2.1848541876287415,-1.3039808252352194,-0.28244230549437155,-19.554731806021728
0.08946497272931017,-0.6913233126497401,-0.5351269263103771,1.147112909279562,-0.3727029066910435,0.48419696183861666,-0.05334811091626859,0.4581971125276485,0.1637544668092583,-0.735871503750127,0.3416929352440555,0.7995697565010078,0.3303952817458704,1.610432908604978,1.2724346886428346,-1.5531126697056237,-1.3262666164346404,-2.7055976107646105,-1.2555421527321493,0.12321054454772769,-1.3383108186624653,-1.720765536151366,-0.9436518835076738,0.9653609084747399,-0.7269184391471522,-0.18692723060262126,0.8893659361604197,-0.8593289597169005,-0.9552148317134888,-1.062187870417499,-7.40324807534574
1.0402087697580333,0.7603268391226014,0.5064720356385018,-0.47364126338901874,0.6199038494780571,0.2569521738836591,-0.8219324843381519,2.782365679875041,0.3596891995363975,0.39516637427769863,0.922386764570516,0.6218398707273124,1.3038345021473494,-0.42295773856986807,0.6510645380708253,-1.2040637777592946,0.1771012953172481,2.0177979737057363,0.8988293907299385,2.0999602687357113,-0.49691498853598765,-0.7302045043126472,0.4196434956579614,-1.3862778344470634,0.40501904219754326,0.8029637046875235,-0.12834069855014776,0.38198349171167056,-0.6394419484161886,0.38749271636995497,-2.4143567167033004
0.20434627743434358,0.562848029281702,-1.2837160151565465,-1.7286971046475095,-1.4517726000794922,-0.19701833195891735,-0.11290883572484661,0.9845250374172386,-0.19405475384155696,-0.3980711937556304,1.9221144646418435,-1.129096199264722,-0.37668813422265357,0.30414732014412527,0.6019170766335854,0.8533595311721359,0.45953014978113205,-0.1389446876041587,-0.670821904830014,1.5578921071696545,-0.12064054654966357,1.071287474072791,-1.1566227674277674,-0.720952391549328,-0.061968558962423696,2.2562414506281154,1.4272311001495834,1.077538664703808,-1.7691342152940557,1.125120623702211,-9.503178388917977
0.06447853370703618,0.3970136709475648,0.8959676385793041,-0.9472286518996528,0.07811914153995161,-0.3551044869780775,-1.0581716845777314,-0.20611818263891965,0.21373998677782483,-1.3095376916106838,-0.5750292747055071,0.8976689480866202,-0.24563892414511393,0.6065972484580889,0.5682067167116507,0.19970978924198673,0.317900306998451,0.29611224032027905,-0.05914328196306846,0.8660723118401541,0.1805995332148651,-1.1014720417226038,-0.5228856330045268,-1.7172960442176133,-0.17336580921494507,-0.8472667132128224,0.3763062532578705,-1.6437274488514344,1.1008660586071468,-0.4466936956898519,11.805099078206386
-1.9015494459913633,1.5204493273542545,-0.24226605361647516,-0.8091616031351321,-0.07245209357264375,-2.2718451710939123,-0.49986396475314127,-0.7874360339832001,-0.6328270126095237,1.3590930097446314,1.4890814899341385,2.4464577434410075,-0.42537985783275567,-0.22643034539033766,-0.6293725746694815,0.15135204715669046,0.5342901036618576,-0.7326992637588021,2.161244108536722,-0.048123539168245626,0.3581027472112817,-1.351194061404421,0.4455371356883532,0.4521186005511128,-0.749711481122468,1.4586631295896846,-0.10633797176476438,-1.5225957012480937,-1.3868572653148503,0.09975784433684849,17.215408422444398
0.26946822352987226,-0.025279823099468367,1.107277601913369,0.9125596219094281,1.5372019493598756,-0.8338771345582316,-0.4598409787839732,2.1643224572833435,0.17977488895157764,-0.808202815474713,-0.09154065270491979,1.340296815816242,-0.7628847559203106,0.66678798207688,-1.599577357002543,-0.1139735527521858,-0.8219183218322745,-0.32527406527856906,-0.629385376457909,0.063405400008137,-1.211378712581207,-0.018797581830994455,-0.3637897593716371,0.4288409676847233,1.1651798931983346,2.3554808899124433,-0.8841825860257421,-0.27143382173281977,-1.3603783186519722,-0.18056081322498696,-33.86404327246825
-0.33187593398175413,-1.1369871956264181,0.4548344536261636,0.6191620833873726,-1.2420828358226954,0.5271804462829128,1.7728945192025451,-0.18338286824320446,-1.3796738427739346,-1.2600429027523279,0.4688226374877625,1.0056493299488205,0.26897323236767084,0.2696701296541887,0.2695827837308849,0.3669200238833713,-0.86271113239814,1.4390172184944492,3.0289792432714293,0.8714079908431672,-0.3711256815236492,0.5918802493950885,-0.7156448780204852,-0.05887079529148727,1.1300861431847486,0.2575599851927513,0.6035158565410593,-2.0086760687361913,-1.3397667797372124,0.9887920695367675,4.796691182407708
0.1367687292857186,-2.834995534169358,1.646892094939591,0.024059115746140038,-0.5673197900148513,1.5180073291281824,1.1919384764763443,-0.8801609407614608,-1.2876333707711904,1.3680000984375889,0.7612453157838229,0.9633980622669405,0.03353911045216738,-0.7089095622045792,-1.384324954092264,-0.7456091112575715,1.064095899245669,1.3316179473843854,-0.12266806631429289,-1.080239625723391,-1.2803524471789711,2.330810522878461,0.15982359298816193,-1.5804201007506844,0.3670596035402486,1.2324787382828846,-0.66844731921433,-0.9723839294232566,0.05695184073783709,1.402360179799392,-0.2809524606037348
0.242957081590529,-1.3902340211795603,0.12668507085597497,-0.44016499129441305,-0.0007532157600934953,0.2187990502620133,1.0881709951711889,1.2127282564347799,2.7347563003271405,0.20715425196955992,0.3799473517791782,0.498535685235936,-0.02200212774584013,2.2863645373740784,1.4132944074401013,-0.9338663491984363,0.7945326889650575,-0.1472263192396143,1.5416771870550894,0.4415779723883535,-1.4179268960159293,0.7828171069368408,2.819031021639128,-0.11037055377373016,-1.9004077781094877,1.7695596359238928,-0.6884029388245759,1.1645369530263474,-0.01645511192254256,-0.8508666249493716,14.299069515345272
-0.21554991866296916,-1.123963252440824,-0.2369408129099508,0.469188343924268,-1.0910471132118604,1.2685786755751425,1.8130641133257093,-1.2825544956107882,1.1421555022452545,-0.04659888424210671,-1.226033706727706,-0.13045755709555154,0.1957027465637285,-0.8885475708464509,-0.3338320631729295,-0.17945740597716484,1.1086136687584254,-0.20554685743857226,0.30111549986078223,0.5593826015780321,0.6460192818459158,-0.5854842610534636,-1.3184952274491828,0.0836805511120813,-0.6353662223475324,0.3584593602959108,-1.3403406343360234,-0.15213759034184768,-0.24913107472682125,0.8230019669705715,-2.768538706264536
0.2568186749694396,0.1368005282351176,0.9342171191686602,-0.2874654614123066,-0.26021427135489583,0.11618762989264689,1.0239051159442316,0.9936883516888468,0.5467467344079435,-0.09821948916162404,1.3283891291542327,-1.255796174222674,-1.2997854251810175,-0.22014215869847903,1.5728232847864274,1.7180715057667242,0.14053022981578983,-1.9571821612929083,-0.2545576579263585,0.5821402080772484,-1.4342304812395084,-0.8787155391716743,1.5321197216625209,-0.49960912739646474,0.9080043782998724,-1.0782418193282373,-0.7990641033270139,-0.2710764829420317,0.6533382212540303,-0.1555490844170854,-15.045621710492847
-0.2531507226735061,-0.7750296855339471,0.9169661089677209,-1.3868172326418666,0.2839719230832148,-1.4187920032332257,1.2121537216792722,-1.3871416796574143,-0.4076458779643292,-1.3031062515970044,0.39885999802407035,1.6620951691905241,-0.3312740941903546,1.378532705897814,-0.47113407408960306,2.767614110151953,0.4118307832032988,0.16383631157575748,0.019045556083135153,0.481610851831691,1.6294983710148334,0.9142361941226235,-0.6038420511219881,-1.1331314944434565,-1.9395247525481105,0.7149707994121216,-0.7646801368303786,-1.9825773026860007,-0.4102290599222622,1.4197163715677235,32.12968915873189
-1.0586595805915686,-0.2460832675557472,-1.3761160089329116,0.97478410323931,-0.20338496437649953,0.47270184777206026,-0.7979097140591318,-0.6670357265928024,0.1236324148630175,-1.7511528787421817,2.220858226034304,1.8370755870102868,0.4260933013790357,-0.4776700373944868,0.7402352783898681,1.0463651367396178,-0.7926530893281559,-0.8011080296600748,-0.1524746445674035,-0.11911607155525764,-0.782804698908141,0.3072887323762577,0.9008241687386542,1.1337027478994621,0.49644993310250957,1.0737799477109196,-0.5913942941701046,-0.5574646421448343,0.06771332077371098,-1.0174767353202143,-29.302363731262396
-1.871503921463626,1.4117445229972716,-1.0804109369322978,-2.4270606751459125,-0.3428652729570297,-0.04369435333776734,-0.4022298177244856,-0.6989011675690036,-0.38441845116546974,-0.06844737549698399,0.4493054355857021,0.026082715268595867,-0.30633158501503954,0.24628806203185175,-0.45336683741982253,-0.9291762775307868,0.38554274193659144,-1.22953765803209,-0.3210603673725593,-1.131751200047065,-0.3598799782819274,1.903758546741316,-0.5089410282818674,0.13044582508976268,0.9638541410847052,-0.5700068121676584,1.0349682134110725,-0.3950865965423281,0.08704872255572793,-2.1529998026929764,0.3621460012823219
0.2532989185014796,-0.03032518430440185,0.7495423940694748,-0.94454080108973,-1.054554798478578,0.4991872730456511,1.7348201154803022,-0.9748756111596247,-0.4985235578498222,1.6350574066119044,-0.20497683864692778,-0.02019747373870626,0.7887024383524109,0.32046064421947706,0.3589985175803839,-1.5613769567301805,0.2834468666923889,0.1093299736495609,-1.1433450812315593,-2.6743870177501505,1.9989443924476344,0.8360987078876291,-1.7546454655015526,-0.3125936264899002,-0.01562702119476335,-0.8461738389912352,-0.5043986223509267,1.0950516080740276,-0.06455461684334074,-1.0924093352601216,20.861175621405003
-1.1339714005858754,-0.16233523302407918,0.9682658592748619,0.3272292274372217,0.26241549149824667,-0.8551811185937281,-0.25334158248797917,1.019430627683481,0.29916062715897035,1.2921905798155684,0.7785496510611648,0.0355743469824775,0.12220686345488732,2.254993647795415,-0.8247436327127525,1.6410206437691666,-0.0972199196729462,0.31893039861749783,0.20283588279329384,0.8123417963366178,0.13305760536195996,2.3463315011938644,0.10629532051457292,0.027627343936446922,-0.05293748821481739,-0.42533977292150876,0.050687661012362,0.7903941553479605,0.5889205442634885,-1.4093746040971893,10.032948041882223
0.2787441621983916,0.9134844742306274,-1.055849480591714,-0.08799968674679905,-0.4373515631285075,-1.630899391077607,-1.6093690891183539,1.3948223224881522,0.8881734651819972,1.51716766448565,-1.1406624304940292,0.1632978481825543,-0.04228761408490454,-0.9003601137394761,-0.879795391460501,1.3387782999989974,-1.1140316500934206,-0.37910772260247094,-0.3159612310498333,-0.589363565426483,1.1332117352118418,0.12805788173426988,-2.3465744996200715,1.2255825068583295,-0.36216799545131034,-1.765640384404798,-0.952266879393373,3.0289342331715075,-0.11961939735737205,-1.8406404655982813,-5.683778471316889
3.5384225420262565,-0.730714466604537,-1.455439972225547,-1.1304313089027243,-0.2342828512505557,1.1120040430662825,0.27070095208871187,-1.0664977135824099,-1.6075108374217737,-2.083668407504473,-0.32198341945244435,1.2433677292744418,0.4577767042094275,1.2373381764482443,-0.11119897186366713,-1.5942329084928226,-0.6034562617441033,-0.2648760317385422,-0.7778809586044109,0.2372159492620715,0.08918229462478262,-0.06576179955524658,-0.9872427546208716,-0.03069595140766293,1.6803718283722446,-0.256591249820982,-0.6050695574831845,1.1310174423885881,-0.9937138350907389,0.19262691253713723,2.6474943573525453
-0.41597364241409346,0.3900597040405335,-0.37449330753416676,-0.5867699922452857,-0.16423359336292523,-1.7354197910789084,1.1805416263648536,-0.18885669856036685,1.3156977373836773,-0.4799896299880893,-0.28642977385570695,1.014803097734744,0.796762957385185,0.50273952425666,1.9168415494720343,-0.06028033389005997,0.5985249785885229,-0.12562575445349006,-0.9831884097625978,1.04454843507015,-0.17681307337075783,0.7108380221471086,0.014855851178174171,0.5905372033614963,0.05084885843384064,0.38343522405785996,0.03928515646309053,0.023519565992622775,0.7480153757804773,-0.36384420139632984,-0.49746363864529863
0.3890999637246315,-0.6551038123945564,-0.2617134889346091,-1.5815565663283904,-0.6251269544263062,-0.7644089958762239,0.009145269657742015,1.113205720604545,1.1097837989944341,0.6998722593369152,0.3930004790017676,2.232879257202198,0.04526769704732415,-0.4061266625581897,0.4292929415530641,-0.4418846390401407,0.7918324751971316,-0.8245971210853096,-1.6050049016130299,1.0705579113377055,-1.3522282603424902,-1.2775299762564816,1.050849790362387,-0.01915637221465087,1.9344307571082144,0.2068913895324649,-0.35558447338955684,-0.5250479090700657,-0.6772243236055949,1.5910748624612092,-15.47274086186255
0.25584016147607813,0.053559545012523954,0.2705266336243738,-0.9132684452588767,-0.27786273427285413,1.0001723638269102,1.355359155685731,0.48858859015536477,0.8990580116439356,1.582718316446928,-0.5400196497921815,-0.7734690739142291,-0.7025634255527619,-0.5601430364149842,2.3029756928112697,0.01941667034570538,-0.9902308746704046,-0.4277297840119616,1.788396316208434,-0.7108031845526689,0.21162457123422426,-0.06206479224493024,-0.43389290836762007,0.6343942623513525,0.8018405992931729,0.5274118579271473,0.16749066651339084,-1.2117879351496592,-0.5673412548277438,0.1343851363357279,7.349479799121812
-0.5659681078122379,-0.4971921587558948,-0.33286192667412845,-0.9573403170742623,0.493798030962401,1.5474047376787121,1.4000501294573735,0.35488627844156573,0.5420086402026172,-0.4719586964515093,-2.184321194857338,0.4224767582462047,0.6637679577042193,1.5284586851505484,-0.2679208151551932,0.22850796649232488,0.4273315982404314,-0.08046064981581977,-0.5716784438119371,0.544883454455335,-1.2225703278868956,-0.44914062180571596,-0.3957036342825264,-0.9649037490050238,-1.6345528249399894,-1.0031976902943673,-1.4141548904790215,0.5616076063483513,0.8199499879206592,0.39775273567174235,15.747227833289308
0.024059237976725666,-1.6070107795766058,-1.560828108689855,-0.0727138583781753,-0.5507690979436523,-2.4515873369518855,0.31201832438969335,-1.678741400819261,-1.6881579457905036,-2.232958052301814,2.7830820601388275,-0.9651378485693277,0.6329033849948618,-1.472329209639527,2.429541275901773,0.5061520826887169,0.8596605180199743,0.5531908936069795,0.023895290274327567,-0.5628139280304518,-3.5630936534517375,0.32250460883116705,1.7495097206329648,-0.48403229237997014,-1.5123513886265398,-0.7882304127919809,-0.05712069442478735,-0.27248618140190983,-1.1183791857748386,-0.20051426034967998,-15.630299118598536
0.7022379258231507,-1.7801032786264182,-0.19029662966544197,-1.0896343051071764,-0.4373279687685321,0.5273021138539518,0.9852369062000398,-1.791365250126014,0.2829736042136465,-0.6427112075896628,0.12599606681670716,1.5099412748416448,-2.0350618239154104,-2.3468972229183938,0.45242853773161806,-0.6808918143675291,-0.3488504752664703,0.44179051795886987,-0.38493268139060893,-0.8203780477641012,2.285438703118601,-0.7589529466823683,-0.734795828396698,-0.10015502126424386,-0.29662040602239875,-0.9228987086646376,1.1206239037464247,0.7597109769849395,0.29769220994180223,-1.1567221725912544,19.67689509153037
