sigma_noise,sigma_gp,lambda,beta0,ell0,beta1,ell1,beta2,ell2
1.2429675443153894,0.21783245055474926,0.7274700118617458,-1.0398112621883862e-06,2.2915715418105522,3.2363374573988315e-07,0.7478896139300001,-8.272651755696204e-07,0.7820981118963656
1.2430232634691485,0.2178395920738718,0.7274717675208782,-3.063086596226135e-07,2.2915550109874063,4.6826656499217006e-07,0.7479005018391733,-2.2019573178391658e-08,0.7821019624906501
1.2431949185638602,0.21785482113725488,0.7274783489353653,5.206065704548948e-08,2.2916498727187573,-1.334392122564473e-06,0.7479451250397271,-2.2797328970494072e-07,0.7821203470919961
1.2432944239774417,0.21786298255901484,0.727464060828658,7.130915475015896e-07,2.2917108880221537,9.717326054143306e-07,0.74799311237942,2.859917878662134e-07,0.782161345679785
1.2433252156302408,0.217867285798043,0.7274656886900045,-6.829758129572721e-07,2.2917192598198537,-1.0299098596052467e-06,0.7480066204101008,-3.444893200283656e-07,0.782179236677269
1.2434539492944487,0.21787590228493084,0.7274615335345614,-9.485372318785921e-07,2.291801766227166,-4.2369350070712237e-07,0.7480436144097695,-1.3694531049817382e-06,0.7822133232428973
1.2436365452191451,0.21788905622535543,0.7274586322537699,-6.008779371376691e-07,2.291930033481094,9.153636956836498e-07,0.7480833129168618,6.499464432596814e-07,0.7822571011384032
1.2436674814758084,0.21789852253436834,0.7274630222936188,6.798081055213776e-07,2.2919334214029794,-8.799471077515378e-07,0.7480879369734305,-5.709636320499898e-07,0.7822586176713112
1.2438416651195578,0.2179166712825156,0.7274573222924123,1.378939723030558e-06,2.2920183532184053,5.786399281630629e-08,0.7481167491376784,3.48146386799821e-07,0.7823386780089892
1.2438735985065217,0.2179187971873041,0.7274528353719878,-1.4639658481029133e-06,2.291995040073013,-6.380342596518645e-08,0.748117596863295,-4.290727359635723e-07,0.7823537755390365
1.2439093055780979,0.21792403132951693,0.7274523310883825,5.22218677348208e-07,2.291961851453257,-8.577096313316009e-07,0.748126133873684,-3.604917327327399e-07,0.7823687300635593
1.2440667510232306,0.2179319707428458,0.7274571527862014,-1.1599428715096992e-06,2.2919147486066063,9.762512963272942e-07,0.7481886063209233,3.565732568388723e-07,0.7824102915577595
1.2441423272493262,0.21794122841425098,0.7274496379955182,-1.3570331375444416e-06,2.2919577485181155,4.989695263839904e-07,0.7482089493121805,1.4423903219376465e-07,0.7824184736709229
1.244184797121427,0.21794571739035173,0.727452659892715,4.992588652748081e-07,2.291952377219454,1.085653029057477e-06,0.7482191842105897,-2.594369341683602e-07,0.7824257111564135
1.2442349158496886,0.2179492426552397,0.7274535886104394,-7.178700092969736e-07,2.292008412640127,4.1400223032618563e-07,0.7482371307315367,-4.0284314770857287e-07,0.7824263007391443
1.30964177781258,0.2244290382981766,0.7272657969414507,-1.1219134997018159e-06,2.307084137380988,3.0149793302038465e-07,0.7639615437482405,1.6575821786806455e-07,0.8000714293745234
1.3096788450217212,0.22443534483162444,0.727268179767113,1.156301491540651e-06,2.307099730186545,-3.0565589590109444e-07,0.7639666640943386,-7.234320786633594e-08,0.8000860204765455
1.3098397348890092,0.2244460210681993,0.7272760701049857,-6.359765325778336e-07,2.307112618701438,-5.570904706115643e-08,0.7639939515958883,-2.778082344477364e-07,0.8001064745406002
1.310025912487035,0.2244578951402295,0.7272712764189337,-2.2982607306187794e-07,2.3071171904273338,4.0300517030410697e-07,0.7640092578215779,1.2169302872096409e-06,0.8001399421889078
1.3101200780614324,0.22446169046920714,0.727267943061031,5.739422189946532e-07,2.3071104691069095,-5.392262468751046e-07,0.7640144208765262,-6.767972108483849e-07,0.8001802001127234
1.3102301457959749,0.22447277936099969,0.7272524780254496,2.77054595049224e-07,2.307131759474346,9.397927312733849e-07,0.7640572311618359,2.3083025028378115e-07,0.8002033998891175
1.310308839704143,0.22447408550842807,0.7272498432606349,-6.020197149567514e-07,2.3071887981650523,-1.0563667017333025e-07,0.7640726550382638,-1.042604408610569e-08,0.8002369829351175
1.3103095794282955,0.22447476311182368,0.727249453500671,-1.0052920072358104e-06,2.3071888203196083,-1.9234995663754605e-07,0.7640723860325436,3.5811298467163036e-07,0.8002375790175492
1.3105310050366903,0.22449868518019303,0.7272512221490262,1.2768316203922346e-06,2.3073073647677242,1.0152342767928638e-06,0.7641044015578996,-2.4554359889912626e-07,0.8002675430794619
1.3106876950624244,0.22451132112447528,0.7272564195671976,1.1486032381959435e-06,2.307289096964969,9.960086570264755e-07,0.7641342374704105,-4.4814298846749784e-07,0.8003212144955046
1.310696621276488,0.22451503763202152,0.7272582428489235,-6.50214630779088e-08,2.3072995052469087,-5.528359678133301e-07,0.764135467354847,-1.1057523873339045e-06,0.800324621267381
1.3110963065052033,0.22454161993284674,0.7272514584135903,-3.507471086918196e-07,2.307514783895612,1.6256172822476828e-07,0.7642169254401128,1.0376404590905232e-06,0.8004508085827721
1.3111861216452798,0.22454801945101713,0.7272497902590391,-1.82336000341089e-06,2.3074895664609567,3.19354483211808e-07,0.7642391797115382,-9.663727537729452e-07,0.8004804352836905
1.3112548740033407,0.22456013599470134,0.7272524004985889,-2.2668889536127428e-07,2.3074911507283056,1.2826670539168136e-07,0.76425073873207,-2.4388424228733966e-06,0.8005154211321088
1.3112628118309786,0.2245606516816213,0.7272542109635827,1.4756050699948042e-07,2.307484954554677,-3.481814094279494e-08,0.7642516510504117,8.465130756322476e-07,0.8005155209383067
1.3113246486766472,0.22457244873687507,0.7272507123622891,5.67942999078747e-07,2.307466404536644,-1.5746404793193018e-07,0.7642734203457757,-1.0763154295474701e-06,0.8005425331028743
1.3113605538732318,0.2245770427764692,0.7272507271112039,-5.453495373215252e-07,2.3074511344506408,1.3711015992699972e-07,0.7642771832037697,9.711219299792668e-07,0.8005608039458934
1.3114826906165888,0.22459260932267272,0.7272532159400797,5.1149758287938375e-08,2.307508207576864,4.4937759396727035e-07,0.7643108334601313,5.983468765447107e-07,0.8006102706357419
1.311601719980799,0.22460167113512158,0.7272482055708709,-4.913873214859689e-10,2.3074758623858367,-3.23146547111362e-07,0.7643290016540429,-1.1660737567919625e-06,0.8006176312531031
1.3116792102001245,0.22461084094236453,0.7272414280144506,-4.1864979185659784e-07,2.307502082285244,-2.1086768724536025e-07,0.764359161534932,4.607088845559958e-07,0.800617724850732
1.3123513117252752,0.2246766225286447,0.7272702433535997,-5.50427486511638e-08,2.3077316085804096,-5.472582892013699e-07,0.7644599519470627,3.4577379711798255e-07,0.8007332597882626
1.312479176309353,0.224697075145531,0.7272801360024049,-6.648571314924257e-07,2.307769644584339,1.3239188953174575e-06,0.764507142629241,9.540595640168262e-08,0.8007648238486881
1.3125210589214666,0.22470357766207646,0.7272824796488073,-2.895497172403583e-07,2.307821518421575,-5.333516435644164e-07,0.764518487695559,-1.0405609068359757e-07,0.8007746536973283
1.3126457841009553,0.22471281365044327,0.727288656862682,-2.292518395925505e-07,2.307837505518293,-8.532075628098314e-07,0.764555845097365,8.044579382432938e-08,0.8008114093216816
1.3127885423132872,0.22472297461109084,0.727286684646779,-1.7962200313055843e-07,2.3078741403345595,-1.2358866678531467e-06,0.7645817313276293,1.5934848387761442e-07,0.8008328787460961
1.3128372943286315,0.22473188955875392,0.7272772270421344,9.921463299857247e-07,2.3078609861335924,-3.3918473253939986e-07,0.7645866726373878,-4.5553257868462823e-07,0.8008400582626061
1.312865462953201,0.22473503771116304,0.7272788326096974,1.0669608229305302e-07,2.307833257736992,-3.3756283310020545e-07,0.7645904350149476,-2.2542553723470156e-07,0.8008496794756096
1.3129876311307496,0.2247483378021522,0.7272795898670008,1.3198038357276495e-06,2.307830866421188,3.9920226435609417e-07,0.7646015442933817,-7.139271247087082e-07,0.8008823723491958
1.3130286867810135,0.2247559019137511,0.7272701084143548,-1.4211045759946306e-06,2.3078548711528484,-3.9730754536053427e-07,0.7646186692790728,7.861043419924151e-07,0.8009005585861843
1.314818078998709,0.22493473468886166,0.7272540258875451,1.5902539600725493e-06,2.3082909001877696,7.860269259202377e-07,0.7650644288129713,-2.92309584454961e-07,0.8014268299182167
1.314837233321529,0.2249382898527611,0.7272557195996048,8.748650270860702e-07,2.3083165835925703,1.4222799366677074e-06,0.765069210743804,5.112251454582213e-07,0.8014322345178146
1.3149836856965182,0.2249521866224328,0.7272626141256046,1.338418365900892e-07,2.3084463655621574,8.244981823785384e-09,0.765085297592594,8.74528170356001e-07,0.8014775291296962
1.3150058415555161,0.22495590303855414,0.7272611805916184,4.849149209306995e-08,2.308443793684685,4.6748288805969864e-08,0.7650962306945602,-7.674873433649716e-07,0.8014898554326629
1.3152213413154628,0.22496394813302098,0.7272570105186369,2.953927239262172e-07,2.3084370585405503,-2.757410605271177e-07,0.7651249639196113,9.765324146747258e-07,0.8015462298654026
1.3152304204002407,0.22496431350397111,0.72725650258427,4.3255970903148205e-07,2.30844269978792,-2.744277798820406e-07,0.7651248037436472,1.3595665036131896e-06,0.8015465727399136
1.3154104741174806,0.22498906763107163,0.7272671417756023,9.043408059493948e-08,2.308557027863272,-1.2918318749262412e-06,0.7651696162542134,-1.781172186683153e-07,0.8016008421605942
1.3156478308346307,0.22501800653280243,0.7272655834029387,8.679202283595781e-08,2.3086148984759864,-2.4575505403898316e-07,0.7652124924926501,-7.642707198604944e-07,0.8016637069986443
1.3156488858448145,0.22501785664234542,0.727265145131616,1.3211305859822681e-06,2.3086162745042427,3.8544824575191055e-07,0.7652122636901271,-4.593331207685223e-07,0.8016639320935733
1.3160312672248893,0.2250528953248295,0.727245250917278,1.0587454016495855e-06,2.3087171593954694,6.312115538531978e-07,0.7653334174645983,-3.186391932896308e-07,0.8017591035190261
1.3161692092517252,0.225072696976107,0.7272422309556484,-7.623383719113621e-07,2.308772524051864,-1.082065985646158e-06,0.7653534281140376,1.5735977011294207e-08,0.8018164123124855
1.316198264120623,0.22507616794128188,0.7272444828334201,-1.2339993609626406e-06,2.308761649340961,-1.21059941513007e-06,0.765358275957646,-6.265688346865508e-07,0.8018221574047443
1.3162948615099137,0.2250846933562257,0.7272464250180721,1.553489374693197e-06,2.308851873784388,3.8897954985675814e-07,0.7653850822698458,1.0443552022995452e-06,0.8018658654416174
1.316302945512242,0.22508781120887447,0.727239677415477,-1.6124610574921866e-06,2.3089082618344974,-1.0968374463681158e-06,0.7653948983429911,-8.12211794019429e-08,0.801887016621633
1.316367744657494,0.22509458109469965,0.7272363413328046,-1.4899283836663489e-07,2.3089191445981676,-7.362288970958666e-07,0.765407784119645,4.681772045498552e-07,0.8018914297965929
1.3163950819843373,0.2251014867976151,0.7272336694782053,-2.147483403119313e-07,2.308935997575423,1.043272062701005e-06,0.7654305501182965,-1.5834813549582544e-06,0.8019136523498143
1.316830766839043,0.2251495675983512,0.7272196783782147,2.273778839092231e-07,2.308944152196668,1.0878442817779492e-07,0.7655794426527459,-3.8374658248318615e-07,0.801982580950979
1.316850277082735,0.2251520129209663,0.7272186056503723,1.841948199142992e-06,2.3089371732662918,2.5149473967302715e-07,0.7655864380947294,6.757023232274803e-07,0.8019930386192808
1.316946201188975,0.2251648845561929,0.727217837211249,2.661685913650469e-07,2.3089466793786624,-1.1479878620931737e-06,0.7656017484178356,6.491612761955411e-07,0.8019996008460166
1.3169924777275062,0.22517030037615782,0.7272147419561726,-2.5228171005093976e-07,2.3089534867883312,1.1598195504006746e-06,0.7656112340198612,-5.876062129451128e-07,0.8019990836935892
1.3633394077897254,0.22963694048373273,0.7269082907304737,-7.983503835136504e-07,2.3187190454308424,1.178052370494887e-06,0.7770038305900705,2.923897133238592e-07,0.8139500295668983
1.3633620883019781,0.22963756833085527,0.7269086859508613,9.730204029784911e-07,2.31870416286246,-1.1436019420426295e-06,0.7770116148386583,-3.859135655166322e-07,0.8139587870445025
1.3634622576461173,0.22964072265737198,0.7269046523419808,-1.1461522394958478e-06,2.3187175054104747,7.36408234705812e-07,0.7770308119696605,3.336367169951218e-07,0.8140001513617892
1.3634704873008192,0.22964214730049073,0.726904397613261,-8.995609068275441e-07,2.3187273964284265,1.0944406062081433e-06,0.7770325777422925,-1.006677776803535e-07,0.8140019657249005
1.3634976940497412,0.22964626056841045,0.7269109768689799,8.720968086266565e-07,2.318737720014127,-1.0757555013031596e-06,0.777058312445182,4.180093562462807e-08,0.8140107436171649
1.3645642167867604,0.22976646309698787,0.7268763309677738,8.011869365359204e-07,2.3188796714923523,-8.748195469304831e-07,0.7772921753220271,3.6581113419416754e-07,0.814260459580954
1.3645798028657603,0.22977570416204496,0.7268755604678659,5.017399538784708e-07,2.318918529165572,5.380977564376669e-07,0.7773108736390092,4.4852362590448e-08,0.8143052277711051
1.364630321720018,0.229778641015823,0.7268750915969897,-2.686976376396909e-07,2.3189311747671573,4.926245970246845e-07,0.7773163856392205,-2.873516345510818e-07,0.814307464333057
1.364722122875617,0.22979158362968355,0.72688803693117,4.340812992232062e-07,2.3190402004895527,7.239327514662018e-07,0.7773672362328705,6.952515298821543e-07,0.8143777411598526
1.3677439966866185,0.2300651788791765,0.7268712028449106,-5.185867784703565e-07,2.319845863330132,-7.532841243066278e-07,0.7780472326096838,-6.664669619504348e-07,0.8151768574613867
1.3680608689307219,0.23010455137921176,0.726869003836886,1.0101970862815799e-07,2.3200097986437007,-3.5609477117322486e-07,0.7781424561432072,-2.5893070324270465e-07,0.8151996114252569
1.368107028911307,0.2301072256822914,0.7268711077773349,-2.9386576911797372e-08,2.3200341835148457,2.928030750515576e-07,0.7781476999757021,2.2361989734582593e-07,0.8152124342079906
1.3686255400053138,0.23016713014994633,0.7268642342528251,7.406145158153531e-08,2.3201610019077163,-1.0122160171522567e-06,0.7783098684255817,-5.696480753530763e-07,0.8153181343729204
1.3687868204110347,0.23017879938886143,0.7268760053931151,2.7105009465935194e-07,2.3201527616228077,5.121013651114186e-07,0.7783439843985981,7.478524629511053e-07,0.815345320631632
1.3688882471864547,0.23019931096743076,0.7268742004847476,2.877898731459111e-07,2.3201964719945387,8.109394158224449e-08,0.7783523601882977,-4.290104686246024e-07,0.815394709116425
1.368936492940918,0.23020591768111873,0.7268707338985425,1.1312484036669105e-06,2.320197811337504,-1.283127000997571e-06,0.7783707514810552,1.6178357095998912e-07,0.8154016459509486
1.3690815359417503,0.2302263762351396,0.7268768366875108,1.2509336174300774e-06,2.3202088434639827,-1.1683971977831626e-06,0.7784093735147816,2.6489481935243955e-07,0.8154190724402963
1.3700865864484104,0.23030748505617885,0.7268522455176797,2.0582158231105488e-06,2.3204704977634623,-4.373688568999641e-07,0.7786196232749121,-3.3569626226000885e-07,0.8156645826415565
1.3701329532956474,0.23031116255004788,0.726852405390303,1.8024946587188142e-06,2.3204789215330694,3.011345111202228e-07,0.7786205126018317,-7.810236342995419e-07,0.8156646657829607
1.3701931871217272,0.2303180088068853,0.7268578849165956,1.7492936463185934e-06,2.3205053229957753,-1.404423323374152e-07,0.7786451220280955,-1.1322204260507959e-07,0.8156782118887616
1.3703870901180997,0.23032564060827704,0.7268602126118298,1.6686569791367286e-06,2.320551018982529,-2.041470482271285e-07,0.7786679817345928,1.1856504302193539e-07,0.8157045493874717
1.3704695208313413,0.23033166621734238,0.7268549348499,-2.0312982625458438e-07,2.3205857035717803,1.6500926486882724e-06,0.7786900254618935,9.889591608780808e-09,0.8157492268484787
1.3705586465340198,0.23033455164771732,0.7268530128078934,1.3023807507074562e-06,2.3206246802531103,2.0044521339729545e-06,0.7786946912453023,1.1429327396116389e-06,0.8157645607483193
1.3705730408069643,0.23033604692707205,0.7268533428728032,4.156964422329154e-07,2.320628233992312,2.3819481330092336e-07,0.7787009619301971,-6.038305819256019e-07,0.8157640005729905
1.3705934262951336,0.23033956013608417,0.7268526996762019,-7.794693144675666e-07,2.3206438504505456,4.7100723139261634e-08,0.7787114156349438,4.719708176595499e-07,0.8157695713868023
1.3708423169684822,0.23035661456105488,0.7268632854006412,3.7400970930286775e-07,2.320613807694712,-5.449137621376828e-07,0.7787522390688745,-6.185268501433987e-08,0.8158099639058807
1.3708595542596012,0.23035747135995524,0.7268612194563284,1.1650831428235681e-06,2.320605267498365,-5.45084957741945e-07,0.778749814981062,-5.386570308184729e-07,0.815817200213301
1.3708608395652535,0.2303578813071879,0.7268614024596605,8.997342558336219e-07,2.320601920905643,-5.845501331586344e-07,0.7787482056618343,-9.692342803239243e-07,0.8158182890647854
1.3709108918013,0.23036179887142386,0.7268617155183289,6.122507367856928e-07,2.320632995123242,-1.3781991556951045e-06,0.7787439843650532,-3.152383164859772e-07,0.8158287714262523
1.3710041109959212,0.23036392214927867,0.726864751106197,3.701178047923368e-07,2.320616662579709,-1.3534332502510768e-06,0.7787701705756043,4.3920415099890737e-07,0.8158478459718893
1.3711626211632975,0.23037824352962946,0.7268629224031902,-8.208476553147642e-07,2.320643238876999,8.083414513817885e-07,0.7787991820354606,3.977409906157527e-07,0.8158669884419281
1.3712191100952666,0.23037989286729202,0.7268675274332568,1.5500168465606823e-06,2.3206684472382033,3.404251301275846e-07,0.7788078200600136,-1.5296827881615892e-08,0.8158734404022624
1.3713752203058285,0.23039457722215617,0.7268723876472374,-1.4593320311836266e-06,2.320714495325623,-8.657165217547952e-07,0.7788161130916424,7.670173097860921e-08,0.8159201494912401
1.3714236503341817,0.23039487969189326,0.7268682268562401,1.487011056081657e-06,2.3206613874628435,8.266542563986906e-07,0.7788256025470448,1.0741024109296323e-09,0.8159292630038988
1.3714580755178907,0.2303979946274183,0.7268679808698747,7.161547067852448e-07,2.320678781256266,1.5200968343930737e-06,0.7788330301478511,2.774091492379297e-08,0.8159350662401736
1.3716670502635657,0.23042200199325732,0.7268667203712164,-7.013998256003477e-07,2.320676139254449,-8.242583672283697e-07,0.7788731603724095,-4.3969836438762895e-07,0.8159834228811643
1.371677301502053,0.2304224225373889,0.7268662237047959,-6.219156287826367e-07,2.320676194047817,-8.074259203493898e-07,0.7788764052049656,-5.897883043843939e-07,0.8159884707436292
1.3717602135700482,0.23043247677155945,0.7268706075140877,-2.3597236195791552e-08,2.3207586577823927,-8.431782406944908e-07,0.7788917994541401,3.390739891954802e-07,0.8160015892322126
1.3718147779297685,0.2304433841876963,0.7268709243413608,1.0016027660675307e-06,2.3207687925710365,6.199107663848313e-07,0.778913882987025,-2.921543797471639e-07,0.8160240445240023
1.3718369478047108,0.23044650486843365,0.7268756754919881,1.3082504500289366e-06,2.320738210716609,1.104907435304452e-06,0.7789220120809749,-6.340428043287114e-07,0.816042772511275
1.3718604450023215,0.23044882103634295,0.7268742767820272,5.599051005167851e-07,2.3207393194062185,8.485169672381136e-07,0.778942545095478,2.4063002155781437e-07,0.8160453312898475
1.3718604234884095,0.2304499314102674,0.7268723199872458,-5.399518719486011e-07,2.320739088004794,-2.6589127223303807e-08,0.7789490351602382,-4.241447788929694e-07,0.8160456157262397
1.3719539949343857,0.23045473042969078,0.7268716828709293,1.037023638017315e-06,2.320769337328264,-3.7308601930504454e-07,0.7789641652550435,4.5395751705212245e-07,0.8160707344691829
1.372102485556469,0.23046303550421895,0.7268755160273837,-1.1413665938004743e-06,2.3207971730925196,1.4812744118745916e-08,0.7789869605339473,-5.528221347492478e-07,0.8161101296160118
1.3721133739536802,0.23046420513973326,0.7268757292285476,-4.616496958851799e-07,2.320800368438426,1.0603943506643654e-08,0.7789854560186498,-8.396696929739412e-07,0.8161147498493658
1.372136329667106,0.23046678162536396,0.7268747272560943,1.1045446901884063e-07,2.3208205426519175,4.6308256040900877e-07,0.7789982643344309,1.057106855248724e-06,0.8161122086384152
1.3738606271716705,0.23065564025957108,0.7268960176984944,1.1264979263808444e-07,2.321111450763039,-3.220871842617973e-07,0.779441054800465,-1.0294323881361457e-06,0.8165547334181312
1.373894685764954,0.23065803571244625,0.7268969924498431,6.654372108240992e-07,2.321120440959154,-1.3242048176672368e-06,0.7794607766216528,-4.236752482284118e-07,0.8165711689653771
1.374025422868148,0.23066850472859884,0.7269040730537892,-5.520692092797941e-07,2.3212270621998474,-4.5108961947437545e-07,0.779488594665332,4.847615414003553e-07,0.816587584526621
1.3740502043018794,0.2306707840469298,0.7269038844609729,-9.108278512861352e-07,2.3212185761420008,-1.8352916888628642e-07,0.7794890940110742,8.754500367117625e-07,0.816600375952441
1.3741695615149794,0.2306843965008302,0.7269011099941902,6.605294134524301e-07,2.3212543564566537,2.8756236258069896e-07,0.7795312093507655,-5.807273185108591e-07,0.816607948730964
1.3741774417592927,0.23068401490584678,0.7269009639017766,8.389183233221481e-07,2.3212696764186824,3.0525828708112845e-07,0.7795308856894554,-5.59311004737042e-07,0.8166090475254468
1.3742063910291997,0.2306847488528155,0.7269002553253403,-1.2678844005368043e-06,2.3212607067893525,-2.0282084384925696e-07,0.7795415724381253,2.6184586767350477e-07,0.8166142325538883
1.3743057566415005,0.23069636727454607,0.726903407826357,-9.506039041526581e-07,2.3213066064855004,-5.843119810630131e-07,0.779573476628246,-2.1950501227424624e-07,0.8166546294558249
1.3748015728438783,0.23073432781623301,0.7269383081378938,2.4237346436696854e-07,2.321388276685286,-3.265563134463808e-08,0.779637613822999,2.8339801719152857e-07,0.8167559157113581
1.3748432420924035,0.23074073571010328,0.7269384740757313,1.3698937663951768e-07,2.3214363215954252,-2.7792888294359753e-07,0.7796500886336241,-8.303618551887842e-07,0.816753505172907
1.3748591893532953,0.23074207971444324,0.7269377821612993,1.2622971746395917e-06,2.321435788067098,2.1424872379087117e-07,0.779654466344631,3.3109500561439136e-07,0.8167572469448697
1.3749602144842883,0.230748187064527,0.7269373371388945,-1.3394901079667463e-06,2.3214023002174557,-3.3593379497640433e-07,0.7796929341336903,3.7756420542987484e-07,0.8167807209148948
1.375033375094109,0.23075192208131162,0.7269402387435406,-7.740893477789218e-07,2.321487741893932,-1.6717559170627638e-06,0.7797056209917294,4.6293453051092715e-07,0.8168255157196918
1.3752916131737674,0.23078023034726372,0.726937941430864,9.805970835976051e-08,2.3215505314076506,-1.640132033335093e-07,0.7797957988999729,-5.176106261799655e-07,0.8169151857151475
1.3753232809063096,0.23078089109331162,0.7269385548469083,-4.452446914414487e-07,2.3215181149861595,-4.4758756285795056e-07,0.7798067276818926,-1.3394903376810265e-07,0.8169361776184612
1.375903579347244,0.23084077309686044,0.7269217557702664,4.930479399972212e-07,2.3215761378927136,-3.914770507793757e-07,0.7799465368403029,1.0992176321127223e-06,0.8170866432030195
1.3761004927176028,0.23085902818154616,0.7269368235146878,3.6828756207085073e-07,2.3216106853757807,-8.900145533419705e-07,0.7799964295467573,-7.264281237683917e-07,0.8171510481851776
1.3762565723919575,0.23087443533728966,0.726946574624433,3.4637080165259404e-08,2.321644349613718,-6.198526110725195e-07,0.7800636259855751,-5.812050801265178e-07,0.8172210401826745
1.3764448789096853,0.23089342808516383,0.7269553096400413,6.731754835735296e-07,2.3216748033824524,1.1323786352685955e-06,0.7801243257524703,5.108426757392702e-07,0.8172590549189266
1.376463505441585,0.23089682037896117,0.7269586009692061,5.3291419545420795e-08,2.3216983466883185,2.705959444276688e-07,0.7801308957572569,5.526097744069215e-07,0.8172659216418355
1.376615964397712,0.23091922117131497,0.7269584330276478,2.097634616996222e-07,2.321716161096365,1.9001873765589237e-07,0.780157141240472,4.3474442998056755e-07,0.8173277739281452
1.376778671619451,0.23092544182130986,0.7269490785751638,-9.355071037268542e-07,2.3217474300808467,7.198102955378231e-07,0.7801780793719069,5.68675414640914e-07,0.8173697802053628
1.3774070931564077,0.23097541842377106,0.7269415966575086,1.2245318669765365e-06,2.322060389016942,4.769489862290644e-07,0.7803218477485924,8.963560236224726e-07,0.8174340524932189
1.3775019538783204,0.23098174046373499,0.7269387110835656,4.7373809098181115e-07,2.3220563786021047,-1.382405087253115e-06,0.780349567523729,1.554443242566318e-06,0.8174603288642736
1.718814971567635,0.2612398410430838,0.7267000050538899,-1.296341352654706e-07,2.388116933073296,1.4688019497554744e-06,0.8526278544322948,-1.5100461423983598e-06,0.8961463412575373
1.7188453223466504,0.2612392303955944,0.7267007858638109,1.6217021556103073e-06,2.3881246340101,6.518748130672261e-07,0.8526270882071965,1.2220645108437707e-06,0.8961583457681706
1.7189809169098456,0.2612510432053768,0.7266978059467407,-1.14165553495426e-06,2.3881775472247497,-4.210513983821083e-07,0.8526735870659535,-8.946357452569266e-07,0.8961857546398857
1.7190456618357433,0.26125933098280213,0.7267043067704331,8.670568458708597e-07,2.38819417262717,-2.0472816274320956e-07,0.8526904248244052,6.002217270299709e-07,0.8961948865670031
1.7191498601081514,0.2612666310731495,0.7267044598496325,6.863335708594654e-07,2.388190458705462,1.211705787243661e-07,0.8527265693577935,3.7910867567326697e-07,0.8962399432331781
1.7191752570347654,0.2612659617510872,0.726710105795808,3.615220027092759e-07,2.3881946677368613,4.003091785985823e-08,0.8527331269974912,-8.688490073680236e-07,0.8962369497314346
1.7192760448814381,0.2612720429026109,0.7267148469048168,-5.641533277504532e-07,2.388165416866617,7.585776050760206e-07,0.8527437701662905,-7.050898610241439e-07,0.8962631186712979
1.719287766423806,0.2612730502449662,0.7267158501119123,-3.172223939777124e-07,2.3881794715231295,3.800486735538221e-07,0.8527422841454495,-1.430525679518272e-06,0.8962645600201469
1.719584781672741,0.2612920740493287,0.7267083231629946,-2.4715975584976496e-07,2.388331530968749,-2.3473075397584987e-07,0.8527931665323336,-5.029140544581305e-07,0.8964417515154295
1.7195851772081017,0.26129393746473306,0.7267100235903635,-1.4072456244201386e-07,2.3883333996342615,2.0821103400733774e-07,0.8527980097509529,-1.1677132121535426e-06,0.8964405620147895
1.721458975196857,0.2614801152512168,0.7267027947948657,1.2688791230462885e-07,2.3883435821289916,-1.7891880689990437e-07,0.8531110619419449,1.2014710873663582e-06,0.8968717010002757
1.7214581102168913,0.26148004208723374,0.7267023993708879,-5.055955379332451e-07,2.388342222469356,3.133208313645255e-07,0.853110947374977,-3.7478426358291445e-07,0.896872146198447
1.7215397342632928,0.26148747137421907,0.7266995585460354,6.279689966863572e-07,2.3883290789650644,9.629531172241005e-09,0.8531204816383632,5.9592560416438066e-08,0.896914910478637
1.7216816946564655,0.2614983204133955,0.7267061672665153,7.335828981173515e-07,2.3883505688425646,-9.015227994910721e-08,0.8531521274160364,1.5149065298535597e-07,0.8969285303632046
1.7218108238466323,0.26151028694907963,0.7266942020347088,-4.502470298772447e-07,2.38837828080953,5.781020263906087e-07,0.8531901828893349,-2.245704639923477e-07,0.8969545136859529
1.7218208612950445,0.26151154790974457,0.7266934843408177,-2.0883079039463856e-07,2.388377761563595,7.812153623909076e-07,0.8531896055839959,-9.316883221884852e-08,0.8969590562676916
1.722371202360411,0.26155059246043727,0.726702988532046,2.85241873790142e-07,2.3885036766611245,-2.0584327758134934e-07,0.8533217656851498,1.2961748579585392e-07,0.8970679593484805
1.7224146245239236,0.26154967756752406,0.726705286008605,-2.809020861637751e-07,2.3884913677612247,1.7422267211284624e-07,0.8533411488676725,-1.810884013533894e-07,0.8970845802751313
1.7224629631093418,0.2615597856085784,0.7267062267042836,-4.00062280192401e-07,2.3884979715915993,2.9998496223632655e-07,0.8533636644136132,-7.379096453861608e-07,0.8970995753413052
1.7225342363797125,0.26156733981528585,0.7267014218093102,-5.006542147202116e-07,2.3885121475433944,1.5342534655742256e-07,0.8533734466229936,-7.570195430916614e-07,0.8971247458064154
1.7228423526390806,0.26159497222211026,0.726708768740086,-4.050057131915834e-07,2.388541430610395,-5.077156891602887e-07,0.8533703642525461,1.9353334288406646e-07,0.897237525667949
1.722873754824736,0.2615989430991834,0.7267105712161384,2.098746834484339e-07,2.38854377986745,9.252299904368114e-08,0.8533786545192649,1.0858372942675173e-07,0.8972458274705316
1.7229955882753738,0.26161485644995136,0.7267101669043723,-1.271535197774099e-06,2.388584255354162,1.2922038502270142e-06,0.8534257624276703,-1.2332238599367945e-06,0.8972754543207148
1.7231322202540293,0.2616302280770065,0.7267096722913157,-8.54312029960071e-07,2.3886781815541185,8.400655972983293e-07,0.8534488491753007,-5.191374278192985e-07,0.897320480594312
1.7232415396616148,0.26163825637839644,0.7267053915969989,-1.6833688083613907e-07,2.3887778660642205,-3.5628736877539795e-07,0.8534579535635822,-2.2321538104251948e-07,0.89734903371894
1.7232871402568635,0.26163729048871864,0.7267043794823819,-6.856471342137412e-07,2.3887637062080427,-1.4181088881749565e-07,0.8534667840759758,-5.267974710597342e-08,0.8973584302492615
1.72335959354538,0.2616443372441769,0.7267099548896008,-8.435104069425411e-07,2.3887632775192453,-2.079926147851377e-08,0.8535093982442684,1.5813007776997827e-07,0.8973930841322018
1.7237500037808193,0.2616683664949767,0.7267131466921174,6.241999468941554e-07,2.3888822458925385,1.4322313068986935e-07,0.8535532863448272,-8.990437904877156e-08,0.8974595223745445
1.7238359843771796,0.2616792630815879,0.7267173569000256,8.660255838684551e-07,2.388884696363396,-2.489262301345671e-07,0.8535482749200617,-2.2748335022704e-07,0.8974899529309455
1.7239713770136773,0.2616874581245401,0.726718377792813,-6.983438296190748e-07,2.38890222561456,5.463178491712233e-07,0.8535921228398387,-7.452816946271767e-07,0.8975620723079214
1.7240032782274886,0.26168861932739323,0.7267204211836429,1.0745202514926262e-06,2.3888981270290017,-3.932284344133975e-07,0.8535975242178718,-8.605516865088551e-07,0.8975516750876614
1.7241255080258702,0.2617015776708951,0.7267259306714552,6.949647700818667e-07,2.3888571097355578,-1.1334571096138797e-06,0.8536044323973843,-1.5593103773940581e-07,0.8975889307911796
1.724141149283607,0.26170382390173835,0.726728537481123,-7.826348406889166e-07,2.3888589553258166,5.183601356874857e-07,0.8536121458492987,-8.770530324163805e-07,0.8975808577385858
1.7241785538214192,0.2617072413712548,0.7267329419243376,8.155566521643402e-07,2.3888690345925965,-5.535526325755186e-07,0.8536294271809609,9.498520941258519e-07,0.8975965060580364
1.7242401238642855,0.2617170195772842,0.726733102971113,-7.792424552013657e-07,2.388900782094737,1.4002399936360195e-07,0.8536681684557684,-7.746040572006806e-07,0.8976298013633424
1.7243473798001907,0.26172539468673217,0.7267373661724525,-6.088611255552753e-07,2.3890068740570296,-1.4486780198154292e-08,0.8536786081395189,-4.608154159354152e-07,0.8976566610980022
1.7257193386623075,0.26182901580361195,0.7267436178174618,7.888325732473538e-07,2.3893783042206973,-9.828222461901154e-07,0.8538888310966923,4.808938459622987e-07,0.8979595171014723
1.725749510701323,0.2618304924745398,0.7267451302990192,9.183574336327531e-07,2.3893708085799688,-6.002011368394826e-07,0.8538890023351474,5.597697644726687e-07,0.8979575202530665
1.725765751226742,0.26183339867157635,0.726750174274992,3.6784428102073146e-07,2.389356058295003,-3.8586851934030017e-07,0.8538849196616857,-2.5761172878594394e-07,0.8979645623328011
1.7260593318200288,0.2618644039032827,0.7267616614348588,-2.4828609853943e-07,2.3893964376461048,4.404684551075502e-07,0.8539585963101571,2.2418513917303228e-07,0.8980298597490018
1.7268527185888678,0.2619183008191513,0.7267753961369441,-2.8080490251821954e-07,2.3893985937369475,-5.864747564592091e-07,0.8540757404133315,1.012908703643732e-06,0.8981628692775946
1.7269187818324176,0.2619265680433382,0.7267801129798498,-4.863112890180168e-07,2.389436126066962,-2.9613458016822057e-08,0.8541012171202834,1.1924317004327737e-06,0.8981735170946678
1.7270010407714533,0.26193671552753534,0.7267789918454928,7.672680229701496e-07,2.389384593723164,-2.421990642575529e-07,0.8541102214447037,-1.0042668262990314e-06,0.8981779911240448
1.727085001125301,0.2619527181252847,0.726782226109072,6.668942156036308e-07,2.3893741086759577,-2.4742335286481064e-07,0.8541172121801838,-9.65000101120954e-07,0.8982067325095343
1.727146308317443,0.26195773500828723,0.7267830094066491,9.614316904026532e-08,2.3894153813140218,-1.1497787183260425e-06,0.8541413700066215,-8.603855792128573e-07,0.8982263870245025
1.7272913965777494,0.2619725501741536,0.7267820817036859,2.570349166920174e-07,2.3895281647883326,-8.308439635844384e-07,0.8541633343214083,-9.31803689508155e-07,0.8982533619726847
1.7273320016899214,0.2619721565258318,0.7267839019329764,9.748719221836852e-07,2.3895240557286095,-4.0865993856233066e-07,0.8541578230352685,-9.863497168929804e-07,0.898257423730313
1.7279233632423694,0.26203239647950816,0.7267660869562965,-7.962872504678389e-07,2.3898286676247102,1.0230265234757835e-07,0.854222273576066,1.5348054381435422e-06,0.898436501720447
1.727964632483886,0.2620336016099987,0.7267574367893186,7.938365082823098e-07,2.3898277348597454,5.484756704737871e-09,0.8542351224224666,-1.5356581989308447e-06,0.8984501623073813
1.7279667891383226,0.262034409158065,0.7267583923525193,4.168600650307373e-07,2.3898319691391907,-5.31866061583861e-07,0.8542358581211961,-1.0815359154678492e-06,0.8984585019943001
1.7280028418929676,0.2620361588133335,0.7267597606985171,1.362562915638869e-07,2.3898177040306994,-8.249969555757283e-08,0.8542443763759413,-1.2280814645890234e-06,0.8984655302413145
1.7283199966329883,0.2620789125502155,0.7267655348717076,3.6816587302926303e-07,2.389808459776973,-7.447302923138674e-07,0.8542665527771838,-1.3687567822581012e-06,0.8985502079119932
1.7284435079834164,0.26208134382572357,0.7267651203614475,8.976762246190395e-08,2.3898145663663333,-8.148553215998435e-09,0.8542782532202223,-2.8814011307182207e-07,0.8985743971382706
1.7285501145254443,0.2620974832807564,0.7267567495992612,1.0683955136519052e-07,2.389814880007065,1.3153991250630639e-08,0.8542901592806691,-1.9635100261639034e-07,0.8986102543493721
1.7289773850747805,0.2621276526168349,0.726763595558388,-8.166825109858835e-07,2.38988991580877,2.6605313252267953e-07,0.8543704660942798,-9.078512589658843e-07,0.8987172111798128
1.7290978988511738,0.2621345849767016,0.7267542873015027,4.139415773060547e-07,2.3898778319397005,-3.455976427175258e-07,0.8544081101014983,7.943768969554278e-07,0.8987299863448859
1.7291787946287223,0.26214694462205235,0.7267501289976779,3.392799482529863e-07,2.3898192785374306,-2.2827609570693097e-07,0.8544070958261383,7.39869600795563e-07,0.8987600423815089
1.7291968000652358,0.2621486383781897,0.726748235783455,-4.583401924666554e-07,2.3898222902896324,-8.789057370515677e-09,0.85440634258456,1.5738836408330008e-06,0.89876863597301
1.7302453624341163,0.26224254169983324,0.7267341786909741,-7.768059424905697e-07,2.39007859537696,-2.879242308778656e-07,0.8546214926124682,8.044484420430379e-07,0.8989898800597927
1.7302917443203008,0.26224866749933784,0.7267315146050791,3.654244618637162e-07,2.390076439788472,1.09440748042369e-06,0.8546353048469115,-7.800808928342845e-07,0.8989977222346754
1.730339326797193,0.2622507820584511,0.7267290406863858,-1.0625599131427548e-07,2.390052141992369,-3.0704369489368867e-07,0.8546462256595415,-1.1139687488287292e-08,0.8990186901660178
1.7311807911901334,0.26231372461475927,0.7267226879584336,1.0781306405741432e-07,2.3904442448489296,3.0853949285522947e-07,0.8547930705561467,1.459183988503323e-08,0.8992474866567389
1.7314895455434336,0.26233828436863116,0.7267284405309681,1.5807480193061507e-07,2.390568806504698,-1.7858473960969997e-07,0.854850712485035,1.4812896750594565e-07,0.8993378546052403
1.731554090592726,0.2623497532905511,0.7267213043298173,2.0052901078408317e-07,2.3905899872424623,2.4757621918983e-07,0.8548539069493122,3.173289189950957e-07,0.899360622291624
1.7315651061768105,0.2623503794797679,0.7267236395429479,-1.7903815497148909e-06,2.390584581040162,3.186456584719913e-07,0.854852342793586,-6.111452349161633e-07,0.8993631452845026
1.7316067688809893,0.2623570881895146,0.726723552512552,1.812837232348536e-06,2.3906542422799264,-2.3857928037923353e-07,0.8548604307265775,5.579123457928154e-07,0.8993641703752264
